-- phpMyAdmin SQL Dump
-- version 5.2.0
-- https://www.phpmyadmin.net/
--
-- Host: 127.0.0.1
-- Generation Time: Sep 24, 2023 at 12:43 PM
-- Server version: 10.4.27-MariaDB
-- PHP Version: 8.2.0

SET SQL_MODE = "NO_AUTO_VALUE_ON_ZERO";
START TRANSACTION;
SET time_zone = "+00:00";


/*!40101 SET @OLD_CHARACTER_SET_CLIENT=@@CHARACTER_SET_CLIENT */;
/*!40101 SET @OLD_CHARACTER_SET_RESULTS=@@CHARACTER_SET_RESULTS */;
/*!40101 SET @OLD_COLLATION_CONNECTION=@@COLLATION_CONNECTION */;
/*!40101 SET NAMES utf8mb4 */;

--
-- Database: `crm`
--

-- --------------------------------------------------------

--
-- Table structure for table `calldetails`
--

CREATE TABLE `calldetails` (
  `Call_Id` int(11) NOT NULL,
  `userId` int(11) NOT NULL DEFAULT 0,
  `clients` varchar(10000) NOT NULL DEFAULT '',
  `date` varchar(100) NOT NULL DEFAULT '',
  `remarks` varchar(1000) NOT NULL DEFAULT '',
  `call_date` varchar(100) NOT NULL DEFAULT '',
  `completed` int(11) NOT NULL DEFAULT 0
) ENGINE=InnoDB DEFAULT CHARSET=utf8mb4 COLLATE=utf8mb4_general_ci;

--
-- Dumping data for table `calldetails`
--

INSERT INTO `calldetails` (`Call_Id`, `userId`, `clients`, `date`, `remarks`, `call_date`, `completed`) VALUES
(1, 2, '1', '2023-07-25', '', '', 0),
(2, 2, '2', '2023-07-25', 'this is very good', '2023-07-25', 1),
(3, 2, '3', '2023-07-25', 'its nice', '2023-07-25', 1),
(28, 3, '26', '2023-07-26', '', '', 0),
(29, 3, '27', '2023-07-26', '', '', 0),
(30, 2, '9', '2023-07-26', '', '', 0),
(31, 2, '10', '2023-07-26', '', '', 0),
(32, 2, '33', '2023-07-26', '', '', 0),
(33, 2, '34', '2023-07-26', '', '', 0),
(34, 2, '81', '2023-07-26', '', '', 0),
(35, 2, '83', '2023-07-26', '', '', 0),
(42, 2, '43', '2023-07-27', '', '', 0),
(47, 2, '64', '2023-07-27', '', '', 0),
(48, 2, '66', '2023-07-27', '', '', 0),
(49, 2, '69', '2023-07-27', '', '', 0),
(50, 2, '70', '2023-07-27', '', '', 0),
(51, 2, '23', '2023-07-27', '', '', 0),
(52, 2, '27', '2023-07-27', '', '', 0),
(54, 2, '48', '2023-07-27', '', '', 0),
(56, 2, '1108', '2023-08-07', '', '', 0);

-- --------------------------------------------------------

--
-- Table structure for table `client`
--

CREATE TABLE `client` (
  `Client_Id` int(11) NOT NULL,
  `Active` int(11) NOT NULL DEFAULT 1,
  `Name` varchar(200) NOT NULL DEFAULT '',
  `Address` varchar(500) NOT NULL DEFAULT '',
  `Mobile` varchar(200) NOT NULL DEFAULT '',
  `Landline` varchar(200) NOT NULL DEFAULT '',
  `Email` varchar(500) NOT NULL DEFAULT '',
  `Contact_Person` varchar(400) NOT NULL DEFAULT '',
  `City` varchar(200) NOT NULL DEFAULT '',
  `State` varchar(100) NOT NULL DEFAULT '',
  `Category` int(11) NOT NULL DEFAULT 4,
  `GST` varchar(50) NOT NULL DEFAULT '',
  `Last_Active_Date` varchar(100) NOT NULL DEFAULT '',
  `Last_Deactive_Date` varchar(100) NOT NULL DEFAULT ''
) ENGINE=InnoDB DEFAULT CHARSET=utf8mb4 COLLATE=utf8mb4_general_ci;

--
-- Dumping data for table `client`
--

INSERT INTO `client` (`Client_Id`, `Active`, `Name`, `Address`, `Mobile`, `Landline`, `Email`, `Contact_Person`, `City`, `State`, `Category`, `GST`, `Last_Active_Date`, `Last_Deactive_Date`) VALUES
(1, 1, ' BS Pandey RIZE COMMUNICATION', 'A/106, JADHAV RESIDENCY, VIRAR ROAD, BEHIND KANCHAN SCHOOL, NALASOPARA EAST, Palghar, Maharashtra, 401209', '9322210129', '', '', '', 'Palghar', 'Maharashtra', 4, '', '', ''),
(2, 1, 'ARNAV TECHNOLOGY', 'PLOT NO. 06, GUT NO. 17/P, SATSANG HOUSING SOCIETY, OPP. GANGA-GODAVARI LAWNS, SUDHAKAR NAGAR, SATARA PARISAR, AURANGABAD, Aurangabad, Maharashtra, 431001', '9403946241, 9404508114', '', 'arnavtech2011@gmail.com', 'Sachin -patil', 'AURANGABAD', 'Maharashtra', 4, '', '', ''),
(3, 1, 'Gyan Security Solutions ', '16,Fulmati La-out, Suryoday Nagar, Beltorodi Road, Nagpur, Nagpur, Maharashtra, 440027', '8788373766, 9730511290', '', 'gssolutionsngp@gmail.com', '', 'Nagpur', 'Maharashtra', 4, '', '', ''),
(4, 1, 'ARAN TECHNOLOGIES', 'No.36, 2nd floor, Thiru.ve.Ka Salai, MADURAI, Madurai, Tamil Nadu, 625001', '9786709099, 9786709500', '', 'deepan@arantech.in', 'A. Deepan', 'Madurai', ' Tamil nadu ', 4, '', '', ''),
(5, 1, 'ANKITA ENTERPRISES', 'Shop No 4, Shivdarshan Appartment, Burudgalli, Ahmednagar, Ahmednagar, Maharashtra, 414001', '8408853555', '', '', '', ' Ahmednagar', 'Maharashtra', 4, '', '', ''),
(6, 1, 'FIRST RESPONSE', '608, 4th NIZAMPURA KHANDUPADA ROAD, BHIWANDI, Thane, Maharashtra, 421302', '', '2522656575', '', '', 'Thane', 'Maharashtra', 4, '', '', ''),
(7, 1, 'M/S LEESOME', 'C701, 7, MANGALAM, THAKUR COMPLEX, KANDIVALI, Mumbai, Maharashtra, 400101', '9594998830', '', 'leesome.sales@gmail.com', '', 'mumbai', 'Maharashtra', 4, '27BFEPS4738B2ZE', '', ''),
(8, 1, 'SAI IT SOLUTIONS', 'Plot No.5, Flat No.4,, Second Floor,, Siddhaved Apartment,, Vijay Nagar Road,, Prerna Nagar, Garkheda,, Aurangabad, Maharashtra, 431005', '9372777746', '', '', '', 'aurangabad', 'Maharashtra', 4, '', '', ''),
(9, 1, 'H9 IT Solutions', 'A / 306, Rajgulmohar Complex, Bldg. No 2,  Tirupati Nagar Phase 2,  Near St. Xaviers School,  Virar (West) - 401303  Palghar Maharashtra', '8425000011 , 9769459119', '', 'info@h9itsolutions.com', '', 'Palghar', 'Maharashtra', 4, '', '', ''),
(10, 1, 'PRIDE ELEVATORS', 'R-2/26-19/6113, BEHIND SOMANI PIPE, LATUR, Latur, Maharashtra, 413512', ' 9483791404 / +91 8762036404', '', '', '', 'latur', 'Maharashtra', 4, '', '', ''),
(11, 1, 'CHAVAN ELECTRONICS & TECHNOLOGY', 'GALA NO.4, GANGOTRI COMPLEX, WANIPETH KHED, KHED, Ratnagiri, Maharashtra, 415709', '9923341040, 9850692156', '', '', '', 'Ratnagiri', 'Maharashtra', 4, '', '', ''),
(12, 1, 'SAFE N SURE SECURITY SOLUTIONS', '2, HAKIM COTTAGE NO1, NR NATIONAL EXPRESS HIGHWAY, KURAR VILLAGE,, Mumbai Suburban, Maharashtra, 400097', '9820159820, 9820689646', '', '', '', 'mumbai suburban', 'Maharashtra', 4, '27AORPS4553B1ZN', '', ''),
(13, 1, 'ELECTRO SYSTEM', 'PLOT NO 36/F/5, BAIGANWADI, G.M.LINK ROAD,NR MUNICIPAL SCHOOL,, GOVANDI, Mumbai Suburban, Maharashtra, 400043', '9892707966, 9833288029', '', '', '', 'mumbai suburban', 'Maharashtra', 4, '', '', ''),
(14, 1, 'SHREEJI SYSTEMS', '75/79, 1SFT FLOOR, BHATIA NIWAS, Dr Viegas Street, Mumbai, Mumbai, Maharashtra, 400002', '9821125411, 9967742224', '', '', '', 'mumbai', 'Maharashtra', 4, '', '', ''),
(15, 1, 'A S SOLUTIONS', '501 Radhika CHS, plot no. 543, Rachana Sanstha, Sinhgad Road, Parvati, Pune, Maharashtra, 411009', '98220 18791 / 93719 23141', '', '', '', 'pune', 'Maharashtra', 4, '', '', ''),
(16, 1, 'YASH TELE-COM SYSTEMS', 'B 303, JYOTIRLING CHS LTD, QUEENS PARK, MIRA ROAD E, Thane, Maharashtra, 401107', '9819188838', '', '', '', 'thane', 'Maharashtra', 4, '', '', ''),
(17, 1, 'I T WIZARD', '6/222, 2ND FLOOR, JOGANI INDUSTRIAL ESTATE, V.N.PURAV MARG, SION CHUNABHATTI, Mumbai, Maharashtra, 400022', '098200 69599', '', '', '', 'mumbai', 'Maharashtra', 4, '', '', ''),
(18, 1, 'RSS SYSTEMS', '5, DHIRAN APT, TAKLI ROAD, NASHIK ROAD, Nashik, Maharashtra, 422006', '8888870988, 9011619267,08888870988', '', '', 'Sagar Ji', 'nashik', 'Maharashtra', 4, '', '', ''),
(19, 1, 'Smart Technology', 'N-53 SF, 5/7/7, Uttam Nagar, Cidco, Nashik, Nashik, Maharashtra, 422009', '8888835679, 9552653902', '', 'sagardyeole@gmail.com', 'Sagar yeole', 'nashik', 'Maharashtra', 4, '', '', ''),
(20, 1, 'SWASTIK COMPUTERS', '01, MONDHA ROAD, DHAGE NIWAS, MONDHA ROAD, UDGIR, Latur, Maharashtra, 413517', '9421677372, 9970147272', '', 'swastikacomputer7272@gmail.com', '', ' Latur', 'Maharashtra', 4, '', '', ''),
(21, 1, 'VITAL SYSTEMS', '403, 4TH FLOOR, PUSHPMEET MAHAVIR NAGAR, DATTA MANDIR ROAD, KANDIVALI WEST, Mumbai Suburban, Maharashtra, 400067', ' 98194 98991, 91 89837 77720, 91 80801 66683', '', 'info@vitalsysindia.com', '', 'Mumbai suburban', 'Maharashtra', 4, '', '', ''),
(22, 1, 'SAM ELECTRONICS CORPORATION ', 'FLAT NO. 02, GR FLOOR, SHIV KRUPA CO-OP. HSG SOC. LTD., KIROL VILLAGE, KIROL ROAD, VIDYAVIHAR WEST, Mumbai Suburban, Maharashtra, 400086', '932-234-5917, 986-911-8795 ', '', 'info@samelectronics.in', '', 'mumbai suburban', 'Maharashtra', 4, '', '', ''),
(23, 1, 'SAI TECH CORPORATION', 'Plot No. 273/13, Flat No. 201, Second Floor, Sawan Plaza Building, Gulmohar Road Corner, Savedi, Ahmednagar, Maharashtra, 414003', '097661 15020', '', '', '', 'ahmednagar', 'Maharashtra', 4, '', '', ''),
(24, 1, 'SHRI SIDDHIVINAYAK ENTERPRISES', 'C WING, FLAT NO-602, FOREST HILLS CO-OP,HSQ, PLOT NO-122, CBD BELAPUR, Thane, Maharashtra, 400614', '99200 51591', '', '', '', 'Thane', 'Maharashtra', 4, '', '', ''),
(25, 1, 'RAJ SALES/ S.P. SALES/ RAJ MOBILE & SECURITY', 'SHOP NO 1, -, BABU BUILDING, DR D B MARG, LAMINGTON ROAD, Mumbai, Maharashtra, 400007', '7710009402', '', '', '', 'mumbai', 'Maharashtra', 4, '', '', ''),
(26, 1, 'CREATIVE AUTOMATION', '1ST FLOOR, MANI BHUVAN, CAMA LANE HANSOTI ROAD, GHATKOPAR WEST, Mumbai, Maharashtra, 400086', '8045799499', '', '', '', 'mumbai', 'Maharashtra', 4, '', '', ''),
(27, 1, 'ANTI THEFT SECURITY', 'Flat No. 102, A Wing, Plot No. D-1, Rainbow Tower CHS, Sector 20, Airoli, Navimumbai, Thane, Maharashtra, 400708', '8976723372', '', '', '', 'Thane', 'Maharashtra', 4, '', '', ''),
(28, 1, 'ARIHANT SECURITIES', 'OFFICE NO. 1, GROUND FLOOR, THE OMKAR CORNER APARTMENTS CONDOMINIUM, CTS NO. 1543, LOKMANYA BAL GANGADHAR TILAK ROAD, PUNE, Pune, Maharashtra, 411030', '9588622140, 9021035784', '', '', '', 'pune', 'Maharashtra', 4, '', '', ''),
(29, 1, 'ONE TOUCH AUTOMATION', '397 - B, GROUND, NAAZ CINEMA COMPUND, D B MARD, LAMINGTON ROAD, GRANT ROAD, Mumbai, Maharashtra, 400004', '098190 78150', '91-22-49737535', 'info@example.com', '', 'Mumbai', 'Maharashtra', 4, '', '', ''),
(30, 1, 'IV SOFTTECH', 'Flat No.101, Plot 113 and 115A, Shri Kanoba Chhaya CHS, Sector 23, Juipada Nerul, Thane, Maharashtra, 400705', ' 9820-684-409, 9819-884-538', '', '', '', 'Thane', 'Maharashtra', 4, ' 27AAFFI1841N1Z5', '', ''),
(31, 1, 'NVS GLOBAL', 'G-2, GROUND FLOOR, CHIKHAL HOUSE, 451-C, KALBADEVI ROAD, KALBADEVI, Mumbai, Maharashtra, 400002', '9820021831', '', '', '', 'Mumbai', 'Maharashtra', 4, '', '', ''),
(32, 1, 'KRIDHA ENTERPRISES', '460/472, 2ND FLOOR, ANANDJI LADHA, DR BABASAHEB AMBEDKAR ROAD, LALBAUG, PAREL, MUMBAI, Mumbai, Maharashtra, 400012', '9867729263', '', '', 'Pawan', 'Mumbai', 'Maharashtra', 4, '', '', ''),
(33, 1, 'ACEMETRO ELECTRONICS INDIA PRIVATE LIMITED', 'Shop No 6, Ground Floor, Gandhi Bhuvan Co-Operative Housing Society, Chunam Lane, off Lamignton Road, DB Marg, Mumbai, Mumbai, Maharashtra, 400007', '9941711478', '', '', '', 'Mumbai', 'Maharashtra', 4, '27AARCA8993J1ZO', '', ''),
(34, 1, 'RIDDHI SIDDHI INFOTECH', '11 A,, 1ST FLOOR,, AHMED MANSION,, CHUNAM LANE CORNER, 366, LAMINGTON ROAD,, GRANT ROAD EAST,, Mumbai, Maharashtra, 400007', '9819225189,7718835824', '022-40045758', 'riddhisiddhiinfo21@gmail.com', 'Lalit jain', 'mumbai', 'Maharashtra', 4, '27AAAPJ6710A1ZD', '', ''),
(35, 1, 'VINAYAK SECURITY SOLUTION', 'B-408, SHAKTI HOUSING SOCIETY, RAM MANDIR ROAD, M B ESTATE, VIRAR WEST, Palghar, Maharashtra, 401303', '9206449206,96100 05221', '', '', '', 'palghar', 'Maharashtra', 4, '', '', ''),
(36, 1, 'AIM TECHNOLOGY', '1B,, GROUND FLOOR,, LAXMI COMPOUND,, 390, LAMINGTON ROAD,, GRANT ROAD, Mumbai, Maharashtra, 400004', '9833577471', '', '', 'Vikesh Mutha', 'Mumbai', 'Maharashtra', 4, '27AAEPM3927G1ZP', '', ''),
(37, 1, 'YOU SAFE', 'G-402, ORCHID VENTURA, NR.L P SAVANI SCHOOL,PALANPURGAM, PALANPUR-SURAT, Surat, Gujarat, 395009', '97147 88801, 9601397270', '', 'yousafet20@gmail.com', '', 'Surat', ' Gujarat', 4, ' 24AACFY4860E1Z8', '', ''),
(38, 1, 'MARK SALES & SERVICES', '289, BASEMENT, ISCON TAMPLE, SANT NAGAR, EAST OF KAILASH, New Delhi, Delhi, 110065', '9810481265, 9871156273', '011-40045553', 'marksalesservices@gmail.com', 'Rakesh chugh', 'New delhi', 'DELHI', 4, ' 07AGLPC5321M1ZD', '', ''),
(39, 1, 'PERFECT SECURITY SOLUTIONS', 'Khasra No. 206-207, A Block, 01st Floor, Ramesh Rana Complex,  Rithala, North Delhi, Delhi, 110085', '7947307254', '', 'pss.yash@gmail.com', '', 'Rithala', 'DELHI', 4, ' 07CKWPM8193G1ZA', '', ''),
(40, 1, 'SHIELD SECURITY SOLUTIONS', '20/40, BALAVINAYAGAR NAGAR MAIN ROAD, BALAVINAYAGAR NAGAR, ARUMBAKKAM, CHENNAI, Chennai, Tamil Nadu, 600116', ' 098949 89792 ', '', '', '', 'chennai', ' Tamil nadu ', 4, '', '', ''),
(41, 1, 'Access Technicals', 'Vishnupuri, Model Town, Malviya Nagar, Jaipur, Rajasthan 302017', '8058665447', '', 'Info@accessgroup.co.in', '', 'JAIPUR', 'RAJASTHAN', 4, ' 08ARTPJ5141K1ZB', '', ''),
(42, 1, 'Sigma cctv', 'B-18,3695/7 Near S B I Bank, Opp Rani Market M/S Sigma Cctv Systems, South Model Gram,, Ludhiana-141002, Punjab, India', '9878688824', '', '', 'Kulwinder Singh', 'MODEL GRAM ', 'LUDHIANA', 4, ' 03ANQPS4267C1ZV', '', ''),
(43, 1, 'SYSLINK TECHTRONICS PRIVATE LIMITED', 'E-132, BASEMENT FRONT PORTION  KALKAJI, NEAR LUXMI NARAYAN MANDIR,  KALKAJI, South Delhi, Delhi, 110019', '9811064336', '', 'syslinkindia@gmail.com', '', 'KALKAJI', 'NEW DELHI', 4, '07AAVCS5225P1ZH', '', ''),
(44, 1, 'tragets', '', '+91 99119 94845', '', '', '', '', '', 4, '', '', ''),
(45, 1, 'balaji security', '', '9899256286', '', '', '', '', '', 4, '', '', ''),
(46, 1, 'PREMIER ELECTRONICS , ', '', '098140 93862', '', '', '', 'CHANDIGARH', ' punjab', 4, '', '', ''),
(47, 1, 'SILICON COMPUTERS, ', '', '098722 03464', '', '', '', 'CHANDIGARH', ' punjab', 4, '', '', ''),
(48, 1, 'Dragon Electronic Security Systems, ', '', '092151 55511', '', '', 'Diksha Mehta', 'Karnal', ' HARYANA', 4, '', '2023-08-25', '2023-08-25'),
(49, 1, 'NEXTGEN INFOSYSTEMS', 'B-451-52, 1st Floor, Nehru Ground, N.I.T. Faridabad', '9910888874', '', '', 'Inderjeet singh', ' FARIDABAD', ' HARYANA', 4, '06HOGPK1418R1ZG', '', ''),
(50, 1, 'Time Trac Solutions LIMITED', '', '095603 05605', '', '', '', 'JAITPUR', ' Delhi ', 4, '', '', ''),
(51, 1, 'CHANAKYA ELECTRONICS, ', '', '098102 62944', '', '', '', 'TRI NAGAR', 'North West Delhi', 4, '', '', ''),
(52, 1, 'STAR CATALYSTi', '', '098915 54831', '', '', '', 'MAYA PURI', 'South West Delhi', 4, '', '', ''),
(53, 1, 'STERLING SECURITY & SOLUTIONS', '', '9871622020', '', '', '', '', '', 4, '', '', ''),
(54, 1, 'ENHANCE VIEW SECURITIES', '', '090130 81399', '', '', '', 'Sangam Vihar', 'New Delhi', 4, '', '', ''),
(55, 1, 'SHAGUN PROJECTION SOLUTION', '', '8384050801', '', '', '', '', '', 4, '', '', ''),
(56, 1, '3COP SECURITY SOLUTIONS', ' E-210, ASTHA VIHAR, PREM NAGAR-3, DELHI, North West Delhi, Delhi, 110086', '095822 33663', '', '', '', 'PREM NAGAR', 'DELHI', 4, '', '', ''),
(57, 1, 'ALL TIME SOLUTIONS,', '', '9331018434', '', '', '', 'KOLKATA', ' WEST BENGAL', 4, '', '', ''),
(58, 1, 'Z PLUS SECURITY SYSTEM, Surat, Gujarat, 395006', '', '7016655251, 9712127852', '', '', '', 'SURAT', 'GUJARAT', 4, '', '', ''),
(59, 1, 'YASTU ENTERPIRSES, BORIVALI WEST, Mumbai Suburban', '', '084510 07938', '', '', '', 'mumbai', 'Maharashtra', 4, '', '', ''),
(60, 1, 'SHREE NITHYA ENTERPRISES, ', 'U-102, WARDHA ROAD, SOMALWADA, Nagpur, Maharashtra, 440025', '0712 228 6973', '', '', '', 'NAGPUR', 'MAHARASHTRA', 4, '', '', ''),
(61, 1, 'ACE CONTROLTECH SYSTEMS, ', '', '099011 18548', '', '', '', 'Bengaluru', 'Karnataka', 4, '', '', ''),
(62, 1, 'IGUARD SOLUTION, Kerla', '', ' 924 900 6 900', '', '', '', 'Kakkanchery', 'kerla', 4, '', '', ''),
(63, 1, 'UpHome Automation, Hyderabad', '', '090000 00364', '', '', '', 'Hyderabad', 'telangana', 4, '', '', ''),
(64, 1, 'AGARWAL COMPUTECH, ', '', '8916644943, 9866840006', '', '', '', ' Visakhapatnam', 'Andhra Pradesh', 4, '', '', ''),
(65, 1, 'proactive security sol:', '', '8872120203', '', '', '', 'garha', 'Jalandhar', 4, '', '', ''),
(66, 1, '3k infotech', '', '7814531102', '', '', '', 'amritsar', ' punjab', 4, '', '', ''),
(67, 1, 'premier electronics', '', '9814093862, 9216593862', '', '', '', 'CHANDIGARH', ' punjab', 4, '', '', ''),
(68, 1, 'paceinfocom industrial sol:', '', '9897119888', '', '', '', 'rudrapur', '', 4, '', '', ''),
(69, 1, 'srps enterprises', '', '8923470278', '', '', '', 'aligarh', 'uttarakhand', 4, '', '', ''),
(70, 1, 'ankit agarwal it Mangalam marketing', '', '9639004150', '', '', '', 'Dehradun', 'uttar pradesh', 4, '', '', ''),
(71, 1, 'snorthern it security ', '', '8808935856', '', '', '', 'varanasi ', 'uttarakhand', 4, '', '', ''),
(72, 1, 'nitass global fast ', '', '8858917284', '', '', '', 'varanasi ', 'uttar pradesh', 4, '', '', ''),
(73, 1, '1 alert security sol:', '', '9818431692', '', '', '', 'ghaziabad', 'uttar pradesh', 4, '', '', ''),
(74, 1, 'akshar technologies', '', '9650937533', '', '', '', 'nodia', 'uttar pradesh', 4, '', '', ''),
(75, 1, 'vsm enterprises', '', '9911553968', '', '', '', 'nodia', '', 4, '', '', ''),
(76, 1, 'jinsons ', '', '9837016800', '', '', '', 'Agra', 'UP', 4, '', '', ''),
(77, 1, 'kp enterprises ', '', '8410812278', '', '', '', 'Agra', 'UP', 4, '', '', ''),
(78, 1, 'ms security ', '', '9105218551', '', '', '', '', 'uttar pradesh', 4, '', '', ''),
(79, 1, 'jot enterprises', '', '7947280878', '', '', '', 'agra', 'UP', 4, '', '', ''),
(80, 1, 'm/s key point ', '', '9872548168', '', '', '', '', '', 4, '', '', ''),
(81, 1, 'xyloid technologies', '', '9571707878', '', '', '', '', '', 4, '', '', ''),
(82, 1, 'mg automation ', '', '9301001517', '', '', '', '', '', 4, '', '', ''),
(83, 1, 'cmad engineering sol', '', '8376099651', '', '', '', '', '', 4, '', '', ''),
(84, 1, 'asian global solution', '', '9818958822', '', '', '', '', '', 4, '', '', ''),
(85, 1, 'suraksha systems ', '', '9763603724', '', '', '', '', '', 4, '', '', ''),
(86, 1, 'techno security ', '', '9784352391', '', '', '', '', '', 4, '', '', ''),
(87, 1, 'nitin vaidya ', '', '9822035061', '', '', '', '', '', 4, '', '', ''),
(88, 1, 'sinha cosmopolitan', '', '9903241262', '', '', '', '', '', 4, '', '', ''),
(89, 1, 'milestone ', '', '9840045733', '', '', '', '', '', 4, '', '', ''),
(90, 1, 'lawrence telecom cctv ', '', '9869052660', '', '', '', '', '', 4, '', '', ''),
(91, 1, 'information technology', '', '9881402143', '', '', '', '', '', 4, '', '', ''),
(92, 1, 'dvans hee systems', '', '9811682304', '', '', '', '', '', 4, '', '', ''),
(93, 1, 'ram veer singh ', '', '7827504700', '', '', '', '', '', 4, '', '', ''),
(94, 1, 'mukul malik ', '', '9313149077', '', '', '', '', '', 4, '', '', ''),
(95, 1, 'avinash ', '', '9999927382', '', '', '', '', '', 4, '', '', ''),
(96, 1, 'dinesh jain ', '', '9899805745', '', '', '', '', '', 4, '', '', ''),
(97, 1, 'mahi singh ', '', '9540707676', '', '', '', '', '', 4, '', '', ''),
(98, 1, 'information tech ', '', '9911117635', '', '', '', '', '', 4, '', '', ''),
(99, 1, 'megna security systems', '', '9810638094', '', '', '', 'delhi', '', 4, '', '', ''),
(100, 1, 'right vision security ', '', '7011006637', '', '', '', '', '', 4, '', '', ''),
(101, 1, 'smart technologies', '', '7780438328', '', '', '', '', '', 4, '', '', ''),
(102, 1, 'ram international smart automation', '', '7877772622', '', '', '', '', '', 4, '', '', ''),
(103, 1, 'krish security sol dinesh patna', '', '9334414928', '', '', '', '', '', 4, '', '', ''),
(104, 1, 'unique security ramkesh ', '', '9458239112', '', '', '', '', '', 4, '', '', ''),
(105, 1, 'prakash security nitesh', '', '7499999678', '', '', '', 'varansi', '', 4, '', '', ''),
(106, 1, 'rajpal cctv ', '', '9871867629', '', '', '', 'gzb', '', 4, '', '', ''),
(107, 1, 'Balia security subhang', '', '9867560969', '', '', '', '', '', 4, '', '', ''),
(108, 1, 'crime defence system', '', '9906598602', '', '', '', '', '', 4, '', '', ''),
(109, 1, 'indoseft corporation vikas', '', '9810596677', '', '', '', '', '', 4, '', '', ''),
(110, 1, 'mabdar', ' ', '9689372727', '', '', '', '', '', 4, '', '', ''),
(111, 1, 'nilesh I vision security', '', '9822232344', '', '', '', '', 'pune', 4, '', '', ''),
(112, 1, 'aniket kanawade mesmerise ', '', '9975300307', '', '', '', '', 'pune', 4, '', '', ''),
(113, 1, 'minda on automation pune', '', '9049154321', '', '', '', '', 'pune', 4, '', '', ''),
(114, 1, 'nimesh jam', '', '9722010022', '', '', '', '', 'Gujrat', 4, '', '', ''),
(115, 1, ' all in your eyes mahesh ', '', '9824207020', '', '', '', 'jamnager', 'Gujrat', 4, '', '', ''),
(116, 1, 'kaushik', '', '9824363780', '', '', '', '', '', 4, '', '', ''),
(117, 1, 'Dharmash ', '', '9825830366', '', '', '', '', '', 4, '', '', ''),
(118, 1, 'onyx electrotech sumit', '', '9510301414', '', '', '', '', '', 4, '', '', ''),
(119, 1, 'dhiran patel', '', '9227683001', '', '', '', '', '', 4, '', '', ''),
(120, 1, 'chandrakant ONE SOURCE TECHNO ', '', '9960833123', '', '', '', '', 'PUNE', 4, '', '', ''),
(121, 1, 'paresh PRP systems', '', '9922191183', '', '', '', '', 'pune', 4, '', '', ''),
(122, 1, 'ninad patil ', '', '9999112668', '', '', '', '', '', 4, '', '', ''),
(123, 1, 'vikas ', '', '9730020025', '', '', '', '', '', 4, '', '', ''),
(124, 1, 'satful ', '', '9822358631', '', '', '', '', '', 4, '', '', ''),
(125, 1, 'MANISH ', '', '9879059009', '', '', '', '', '', 4, '', '', ''),
(126, 1, 'satyanand', '', '9999605550', '', '', '', '', '', 4, '', '', ''),
(127, 1, 'gaurav AGS Enterprises', '', '9729702311', '', '', '', 'gurgaon', 'haryana', 4, '', '', ''),
(128, 1, 'mukul', '', '9313149077', '', '', '', '', '', 4, '', '', ''),
(129, 1, 'suraksha systems rahul', '', '9763606724', '', '', '', 'nashik', '', 4, '', '', ''),
(130, 1, 'sarvind', '', '9784352391', '', '', '', '', '', 4, '', '', ''),
(131, 1, 'aman asian global solution', '', '9818958822', '', '', '', '', '', 4, '', '', ''),
(132, 1, 'sandeep mangalam telecom', '', '9819825912', '', '', '', 'mumbai', '', 4, '', '', ''),
(133, 1, 'sujit sinha cosmopolitan', '', '9903241262', '', '', '', '', '', 4, '', '', ''),
(134, 1, 'lawrence dsouza leo telecom', '', '9869052660', '', '', '', '', '', 4, '', '', ''),
(135, 1, 'C.P care solutions', '', '9881402143', '', '', '', '', '', 4, '', '', ''),
(136, 1, 'GAURAV', '', '9313206554', '', '', '', '', '', 4, '', '', ''),
(137, 1, 'ravi kumar ', '', '9999303201', '', '', '', '', '', 4, '', '', ''),
(138, 1, 'gaurav bansal', '', '9953680517', '', '', '', '', '', 4, '', '', ''),
(139, 1, 'krishna technomac ', '', '9911817121', '', '', '', '', '', 4, '', '', ''),
(140, 1, '3 scube enterprises ', '', '9594862463', '', '', '', '', '', 4, '', '', ''),
(141, 1, 'krishna it sol:', '', '9999905872', '', '', '', '', '', 4, '', '', ''),
(142, 1, 'jai laxmi security', '', '7891339877', '', '', '', '', '', 4, '', '', ''),
(143, 1, 'krish security sol', '', '9334414928', '', '', '', '', '', 4, '', '', ''),
(144, 1, 'N R nawal ', '', '9891260222', '', '', '', '', '', 4, '', '', ''),
(145, 1, 'j.b.s ', '', '9871328663', '', '', '', '', '', 4, '', '', ''),
(146, 1, 'safe way ', '', '9925867471', '', '', '', '', '', 4, '', '', ''),
(147, 1, 'infinity it and security ', '', '9717868317', '', '', '', '', 'maharashtra', 4, '', '', ''),
(148, 1, 'sun tech sol:', '', '9871175371', '', '', '', '', '', 4, '', '', ''),
(149, 1, 'eye kross', '', '8238063944', '', '', '', '', '', 4, '', '', ''),
(150, 1, 'adventure security', '', '8920294821', '', '', '', '', '', 4, '', '', ''),
(151, 1, 'cosmos tech creations ', '', '8210212690', '', '', '', '', '', 4, '', '', ''),
(152, 1, 'elcon security', '', '9825288098', '', '', '', '', '', 4, '', '', ''),
(153, 1, 'gnd enterprise', '', '9828127878', '', '', '', '', '', 4, '', '', ''),
(154, 1, 'jps security', '', '6239353138', '', '', '', '', '', 4, '', '', ''),
(155, 1, 'm.a trading', '', '9811024435', '', '', '', '', '', 4, '', '', ''),
(156, 1, 'md enterprise ', '', '9924278593', '', '', '', '', '', 4, '', '', ''),
(157, 1, 'nextgen infotech', '', '9910888874', '', '', '', '', '', 4, '', '', ''),
(158, 1, 'prakash security ', '', '7499999678', '', '', '', '', '', 4, '', '', ''),
(159, 1, 'nitin security', '', '8755604592', '', '', '', '', '', 4, '', '', ''),
(160, 1, 'rishabh tech', '', '7014684493', '', '', '', '', '', 4, '', '', ''),
(161, 1, 's n enterprises', '', '9992151007', '', '', '', '', '', 4, '', '', ''),
(162, 1, 's northern', '', '8005228933', '', '', '', '', '', 4, '', '', ''),
(163, 1, 'sam electronics', '', '9322345917', '', '', '', '', '', 4, '', '', ''),
(164, 1, 'se sanchita', '', '9214066271', '', '', '', '', '', 4, '', '', ''),
(165, 1, 'sksm nayan ', '', '9004588268', '', '', '', '', '', 4, '', '', ''),
(166, 1, 'subhang prasad balia security', '', '9867560969', '', '', '', '', '', 4, '', '', ''),
(167, 1, 'technovision', '', '9716240026', '', '', '', '', '', 4, '', '', ''),
(168, 1, 'time telogic', '', '9654026768', '', '', '', '', '', 4, '', '', ''),
(169, 1, 'z plus security ', '', '9712127852', '', '', '', '', '', 4, '', '', ''),
(170, 1, 'wins technologies', '', '9000021540', '', '', '', '', '', 4, '', '', ''),
(171, 1, 'pixie security ', '', '9716875116', '', '', '', '', '', 4, '', '', ''),
(172, 1, 'srv technology ', '', '9324569567', '', '', '', '', '', 4, '', '', ''),
(173, 1, 'affinity it sol:', '', '7827750511', '', '', '', '', '', 4, '', '', ''),
(174, 1, 'best infotech', '', '9488848101', '', '', '', '', '', 4, '', '', ''),
(175, 1, 'one source techno services', '', '9960833123', '', '', '', '', '', 4, '', '', ''),
(176, 1, 'deepak electronic ', '', '9821498809', '', '', '', '', '', 4, '', '', ''),
(177, 1, 'fire sol:', '', '9689372727', '', '', '', '', '', 4, '', '', ''),
(178, 1, 'esem infotech', '', '9890994411', '', '', '', '', '', 4, '', '', ''),
(179, 1, 'tech win securities ', '', '9730020025', '', '', '', '', '', 4, '', '', ''),
(180, 1, 'system sol:', '', '9357223496', '', '', '', '', '', 4, '', '', ''),
(181, 1, 'GS enterprises', '', '9331212876', '', '', '', '', '', 4, '', '', ''),
(182, 1, 'nitass global ', '', '8808935856', '', '', '', '', '', 4, '', '', ''),
(183, 1, 'Time Trac Solutions LIMITED Meethapur, ', '', '095603 05605', '', '', '', '', '', 4, '', '', ''),
(184, 1, 'CHANAKYA ELECTRONICS, TRI NAGAR', '', '098102 62944', '', '', '', '', '', 4, '', '', ''),
(185, 1, 'STAR CATALYST HARI NAGAR,', '', '098915 54831', '', '', '', '', '', 4, '', '', ''),
(186, 1, 'sandeep enterprsises', '', '9355327274', '', '', '', '', '', 4, '', '', ''),
(187, 1, 'jsr computech', '', '9650889685', '', '', '', '', '', 4, '', '', ''),
(188, 1, 'maurya hi vision', '', '9899618176 9999271285', '', '', '', 'delhi', '', 4, '', '', ''),
(189, 1, 'SMART SOLUTION', '', '7974861658 8839607804', '', '', '', 'INDORE', '', 4, '', '', ''),
(190, 1, 'SAMARTH SAFETY ', '', '9136102525 8454066063', '', '', '', 'KALYAN EAST', '', 4, '', '', ''),
(191, 1, 'MANGAALAM TELECOM', '', '9987588630', '', '', '', 'GRANT ROAD', 'new delhi', 4, '', '', ''),
(192, 1, 'AV ENTERPRISES', '', '9833214794 9869900991', '', '', '', 'THane', 'PUNE', 4, '', '', ''),
(193, 1, 'K.T SECURITY SYSTEM', '', '9146450909', '', '', '', 'GRANT ROAD', '', 4, '', '', ''),
(194, 1, 'SAS TECHNOOGY', '', '7219510084', '', '', '', 'KHARADI', '', 4, '', '', ''),
(195, 1, ' SILVER LINE ELECTRONICS ', '', '8369362010 9833617880', '', '', '', 'THANE', 'MUMBAI', 4, '', '', ''),
(196, 1, 'SWASTIK TECHNO COM', '', '9011124016 9922019763', '', '', '', 'Mumbai', 'Maharashtra', 4, '', '', ''),
(197, 1, 'ENFIELD SERVICES', '', '9890390786 9890997740', '', '', '', 'ahmednagar', 'PUNE', 4, '', '', ''),
(198, 1, 'DEVI ENTERPRISES', '', '9423033031', '', '', '', 'VISAWA PARK', 'NAVI MUMBAI', 4, '', '', ''),
(199, 1, 'THE TECHNIQ', '', '9822596285', '', '', '', '', 'MUMBAI', 4, '', '', ''),
(200, 1, 'EXTREME SYSTEM', '', '9892205514 9029905514 ', '', '', '', 'THANE', 'PUNE', 4, '', '', ''),
(201, 1, 'OM SAI ENTERPRISES', 'JWM', '9082966089 9594087441', '', '', '', 'POWAI', 'MUMBAI', 4, '', '', ''),
(202, 1, 'world of computers', 'LOCK ', '8010483643', '', '', '', '', 'MUMBAI', 4, '', '', ''),
(203, 1, 'TECHNOHUB IT SOL', '', '9511898328', '', '', '', '', 'MUMBAI', 4, '', '', ''),
(204, 1, 'ABS infotech', '', '9730329207', '', '', '', 'chikhali', '', 4, '', '', ''),
(205, 1, 'CCTV | COMPUTER | BIOMETRIC MACHINE', '', '8268370952 8652367486', '', '', 'Sai Technicals', '', '', 4, '', '', ''),
(206, 1, 'Robosoft', '', '+91 77 1001 3139 +91 22 2614 1415', '', '', 'Manoj Singh', '', '', 4, '', '', ''),
(207, 1, 'Techlink Infoware Pvt. Ltd.', '', '-67231042 -9930168978', '', '', 'Swapnil Jadhav', '', '', 4, '', '', ''),
(208, 1, 'PANACHE INNOVATIONS LIMITED', '', '+91 79775 94090 +91 86574 14101', '', '', 'Vishal Naidu', '', '', 4, '', '', ''),
(209, 1, 'SMART VISION CCTV | BIOMETRIC | VDP | INTERCOM | VIDEO WALL', '', '7977922696 2241311122', '', '', 'Vipul Patel', '', '', 4, '', '', ''),
(210, 1, 'DELHI CHENNAI PUNE BANGALORE HYDERABAD KOLKATA GOA BHOPAL SURAT', '', '+91 83695 72050 +91 98205 40933', '', '', 'Anup Mhatre', '', '', 4, '', '', ''),
(211, 1, 'Shri Siddhivinayak Enterprises Distributor / Consultants / System Integrator & Interior Works', '', '+91 9920 051 591 ', '', '', 'Sunil Kandhari', '', '', 4, '', '', ''),
(212, 1, 'G Arth Solutions', '', '+91 9167520433/ 7506745455 / 9167520311 ', '', '', 'Arth Solutions', '', '', 4, '', '', ''),
(213, 1, 'Sar✔adnya Infosolutions Pvt. Ltd. Intelligent trusted security', '', '98345 89611 020-2529 2599', '', '', 'Prafull Sinkar', '', '', 4, '', '', ''),
(214, 1, 'VIGO TECHNOLOGY Quality Speed Satisfaction', '', '93243 48467/ 99204 30309 +91 85913 91922', '', '', 'Ashok Sokhal', '', '', 4, '', '', ''),
(215, 1, 'Volksara Techno Solutions Pvt. Ltd.', '', '+91 9867045776/7666240476 -40615486', '', '', 'Kushal Chakraborty', '', '', 4, '', '', ''),
(216, 1, '9ATOS Global LLP.', '', '+91 99671 68883/022-2684 2299/6699 ', '', '', 'Prakashchand Gupta', '', '', 4, '', '', ''),
(217, 1, 'Mangalam TELECOM', '', '9819825912,  9987588630, 9987471571', '', '', 'Sandeep Jain', '', '', 4, '', '', ''),
(218, 1, 'Panasonic HIKVISION CP PLUS @lhua Security Systems', '', '91464 50909 022-4005 1611', '', '', 'Sunil Jain', '', '', 4, '', '', ''),
(219, 1, 'ALL TYPES OF CCTV CAMERA, DVR & ACCESSORIES', '', '9819825912 9987588630 / 9987471571', '', '', 'Sandeep Jain', '', '', 4, '', '', ''),
(220, 1, 'SHAKTI PATEL', '', '+91 97240 54253 +91 95121 13873', '', '', 'Harsh Patel', '', '', 4, '', '', ''),
(221, 1, 'Techbuzz 97 AUTOMATION', '', '9049 802 330 ', '', '', 'Awes Memon', '', '', 4, '', '', ''),
(222, 1, 'Daccess IT Infra Pvt. Ltd.', '', '+91 82370 85146 +91 95525 66808', '', '', 'Nilesh Thakare', '', '', 4, '', '', ''),
(223, 1, 'Darshan Infosoft', '', '8806668700 9422022253', '', '', 'Peer Bazar', '', '', 4, '', '', ''),
(224, 1, 'TECHNOSPY SECURITY SERVICES', '', '+91 8788538939 ', '', '', 'Amit Udawant', '', '', 4, '', '', ''),
(225, 1, 'iota iota international', '', '9205716971 011-43541048', '', '', 'Sanjay Khorwal', '', '', 4, '', '', ''),
(226, 1, 'ELECTRONIC SECURITY SOLUTIONS & AUTOMATIONS CONSULTANTS ESSAC INDIA', '', '+91 99877 89012 99670 10033 / 80974 69393', '', '', 'Anthony Dsouza', '', '', 4, '', '', ''),
(227, 1, 'SMART DIGITAL ALWAYS BEST!', '', '8451936585 7738951803', '', '', 'Nirmala Hosalli', '', '', 4, '', '', ''),
(228, 1, 'Alpesh dosani', '', '7211182008 ', '', '', 'Rightclick Infotech', '', '', 4, '', '', ''),
(229, 1, 'Saradnya Infosolutions Pvt. Ltd. Intelligent trusted security', '', '79729 31512 020-2529 2599', '', '', 'Amol Dalavi', '', '', 4, '', '', ''),
(230, 1, 'Leeniv Technologies', '', '(+91) 777 404 0022 (+91) 777 404 0022', '', '', 'Harshal Jagtap', '', '', 4, '', '', ''),
(231, 1, 'PagarGuru', '', '+91 92251 46802 ', '', '', 'Mr. R.', '', '', 4, '', '', ''),
(232, 1, 'INDRADEEP Information Technologies Pvt. Ltd. Because Security is not Optional', '', '9326810083 ', '', '', 'Maheshwar Lakade', '', '', 4, '', '', ''),
(233, 1, 'INSPIRON TECHNOLOGY', '', '+91 7499160170 7499160177 / 7597219500', '', '', 'Prince Jain', '', '', 4, '', '', ''),
(234, 1, 'TSS VISION Tssworld Distribution Pvt. Ltd.', '', '9819810100 ', '', '', 'Hemant Gupta', '', '', 4, '', '', ''),
(235, 1, 'smart S OFFICE AUTOMATION', '', '97431 56935 98865 55067 / 8364265067', '', '', 'Mahesh Kumar', '', '', 4, '', '', ''),
(236, 1, 'Quick Heal DELL', '', '9428887711 8866925487', '', '', 'Golden Computers', '', '', 4, '', '', ''),
(237, 1, 'TRUST COMPUTER All type of PC, Laptop, Printers, CCTV Camera, Computer Sales Service & Installation', '', '79841 96797 74054 46260', '', '', 'Azim Shaikh', '', '', 4, '', '', ''),
(238, 1, 'MANGALAM ENTERPRISE', '', '+91-98207 49029 +91-93207 49029', '', '', 'Arpan Mehta', '', '', 4, '', '', ''),
(239, 1, 'A marketing', '', '98241 06732/98241 50400 ', '', '', 'Shoaib Lakdawala', '', '', 4, '', '', ''),
(240, 1, 'SAI ENTERPRISES', '', '7030833150/7498619492 ', '', '', 'Dinesh Gorle', '', '', 4, '', '', ''),
(241, 1, 'Smart Systems', '', '+91 7026176656 +91 6361773765', '', '', 'Hitesh Bafna', '', '', 4, '', '', ''),
(242, 1, 'mi mi-tech system Safety & Security Solution', '', '044-4261 6267/68/69 98400 97198', '', '', 'M Kannan', '', '', 4, '', '', ''),
(243, 1, 'Rajendraa chalani', '', '97436 24555 ', '', '', 'Manglam Electro', '', '', 4, '', '', ''),
(244, 1, 'SHANAYA SECURITY SYSTEMS INDIA PVT. LTD.', '', '9033046410 9687616411 / 9898570411', '', '', 'Sanjeev More', '', '', 4, '', '', ''),
(245, 1, 'SHREE MAA ELECTRONICS PVT. LTD.', '', '022-28811620/28818879/28882272/9137594973 88282127', '', '', 'Kuldeep Singh', '', '', 4, '', '', ''),
(246, 1, 'Distributor & Wholesaler CCTV & security systems', '', '+91 9924305321 +91 9924305322/23/25/26', '', '', 'Jayesh Patel', '', '', 4, '', '', ''),
(247, 1, 'VISION INFO SYSTEMS', '', '9145019626 9326381379', '', '', 'Sushant Lohar', '', '', 4, '', '', ''),
(248, 1, '9833538576 Piyum @ in oteta curio', '', '-8655051509 ', '', '', 'Rohit Ochaney', '', '', 4, '', '', ''),
(249, 1, 'Swastik Techno Com CCTV CAMERA | VIDEO DOOR PHONE | SENSOR', '', '9011124016 9922019763', '', '', 'Prashant Waghmare', '', '', 4, '', '', ''),
(250, 1, 'RAHYALS SECURIVESTA INDIA PVT. LTD.', '', '98198 63444/77100 80918 ', '', '', 'B. Rao', '', '', 4, '', '', ''),
(251, 1, 'CCTV System | EPABX | Fire Alarm System | Intrusion Alarm System Access Control & Attendance System | Home & Office Automation', '', '8421672607 7972329028', '', '', 'Vishwakarma Enterprises', '', '', 4, '', '', ''),
(252, 1, 'AAIM SECURE', '', '9833577471 96190 10198', '', '', 'Vikesh Teli', '', '', 4, '', '', ''),
(253, 1, 'ATSsystems pvt ltd', '', '+91 70660 83333 02422 272109', '', '', 'Kiran Dhage', '', '', 4, '', '', ''),
(254, 1, 'My skill', '', '+91 9768637848 +91 8830097307', '', '', 'Ram Badhai', '', '', 4, '', '', ''),
(255, 1, 'Redefining Automations Globe Core Solutions', '', '+91 99675 05009 +91 89766 01945', '', '', 'Shashank Bhutkar', '', '', 4, '', '', ''),
(256, 1, 'Jeevan fire Extinguishes, Fire Alarm, CCTV & Hydrant System.', '', '9920558830 ', '', '', 'Sajo ', '', '', 4, '', '', ''),
(257, 1, 'BT', '', '9324437443/8425852077 ', '', '', 'Balaji Teleservices', '', '', 4, '', '', ''),
(258, 1, 'BlueSky Amida Pvt. Ltd.', '', '+91 8605975548 ', '', '', 'Amardeep Khandekar', '', '', 4, '', '', ''),
(259, 1, 'Vsquare NETWORKS', '', '9323573018 +91 22 29271047', '', '', 'Vijay Shetty', '', '', 4, '', '', ''),
(260, 1, 'Mumbai 400', '', '+91 99 6749 5555 +91 97 6980 5001', '', '', 'Arun Randive', '', '', 4, '', '', ''),
(261, 1, 'CCTV/P.A./FIRE & GAS DETECTION SYSTEM/ACCESS CONTROL /NETWORKING/INTRUSION ALARM SYSTEM INTERACTIVE LED DISPLAYS/COMMERCIAL LED DISPLAYS/D.J/ALL TYPE OF ELECTRONIC ACCESSORIES', '', '+91 9224299448 +91 9892582609', '', '', 'Kumar Vitekar', '', '', 4, '', '', ''),
(262, 1, 'Arcvs technology', '', '+91 9821021980 ', '', '', 'Vinod Turki', '', '', 4, '', '', ''),
(263, 1, 'Laptop Repairing Networking solutions', '', '9594371471 ', '', '', 'Maruti Computers', '', '', 4, '', '', ''),
(264, 1, 'Jetstream sexurity solutions', '', '9323401992 8451903444', '', '', 'Narendra Sawlani', '', '', 4, '', '', ''),
(265, 1, 'Siddheshwar Electronic Security System CCTV, Fire Alarm, Instrusion Alarm, Biometric, Access Control, EPABX & PA System', '', '7798456002 ', '', '', 'Kaivalya Raut', '', '', 4, '', '', ''),
(266, 1, 'Shri Bhavya Impex', '', '+91 97020 38381 +91 97020 38386', '', '', 'Vishal Seth', '', '', 4, '', '', ''),
(267, 1, 'SNS', '', '+91 98331 37219 +91 98191 00480', '', '', 'Shri System', '', '', 4, '', '', ''),
(268, 1, 'Shreeji electronics', '', '+91 9820098082 ', '', '', 'Ghanshyam Sardhara', '', '', 4, '', '', ''),
(269, 1, 'ANTI-THEFT SECURITY', '', '+91 8976 723 372 ', '', '', 'Prasad Dukhande', '', '', 4, '', '', ''),
(270, 1, 'Niks info', '', ' ', '', '', 'Nİkunj Bhojani', '', '', 4, '', '', ''),
(271, 1, 'Sree ram technologies', '', '9750723777 9791841666', '', 'srtech2014@gmail.com', 'N. Kubendiran', '', '', 4, '', '', ''),
(272, 1, 'Shree ram infotech', '', '99430 11642 ', '', '', 'M. Kumar', '', '', 4, '', '', ''),
(273, 1, 'AUTOMATION TECHNOLOGIES', '', '+91 9130744334/ 9156479499 ', '', '', 'Geeta ', '', '', 4, '', '', ''),
(274, 1, 'Innovative system Complete Technology Solutions', '', '7021210295 / 9821691860 ', '', '', 'Saurabh Shah', '', '', 4, '', '', ''),
(275, 1, 'SANJIVANI COMPUTERS Computer, Laptop, Networking, AMC, PC Rental', '', '-9819190305 89288038850', '', '', ' ', '', '', 4, '', '', ''),
(276, 1, 'Biz Secure Labs Pvt. Ltd.', '', '9321790666 ', '', '', 'Amrut Rasane', '', '', 4, '', '', ''),
(277, 1, 'GOMTESH ELECTRONICS THE COMPLETE CCTV HUB FUTURE OF ARTIFICIAL INTELLIGENCE SYSTEMS', '', '9969 124 134 9833 123 130 ,9833 123 110', '', '', 'Jitendra Jain', '', '', 4, '', '', ''),
(278, 1, 'KEVAL TECHNOLOGIES PVT. LTD. HIKVISION', '', '9833 123 800/9833 123 100 27AAJCK6035D1', '', '', 'Mehul Jain', '', '', 4, '', '', ''),
(279, 1, 'FlowMech Fire & Safety Pvt Ltd', '', '+971 56 998 5828 +91 8422997725', '', '', 'Sandesh Ranka', '', '', 4, '', '', ''),
(280, 1, 'ATAL DETECTIVES & SECURITY SYSTEMS', '', '90.1847725173613 -7666680494', '', '', 'Atal Ahirwar', '', '', 4, '', '', ''),
(281, 1, 'M-CORE CCTV & Networking Cables', '', '+91 8448 200 215 ', '', '', 'Varun Sanoriya', '', '', 4, '', '', ''),
(282, 1, 'OfficialOneTouch Automation', '', '+91 98 19078150 -49604763', '', '', 'Kareem Lalani', '', '', 4, '', '', ''),
(283, 1, 'Heelix Protech LLP', '', '+91 8806966486/7387778309 ', '', '', 'Krishna Jha', '', '', 4, '', '', ''),
(284, 1, 'BELIEVE IN SERVICE', '', '+91 98241 08732 +91 98790 08732', '', '', 'Parvez Lakdawala', '', '', 4, '', '', ''),
(285, 1, 'Orbit computers', '', '99924470506 8490944773', '', '', 'Mohammad Patel', '', '', 4, '', '', ''),
(286, 1, 'Progility Technologies Pvt. Ltd.', '', '+91 9820710990 +91 20 2291 6020', '', '', 'Kapil Vaidya', '', '', 4, '', '', ''),
(287, 1, 'Hi Tech', '', '99044 66144 99044 57417 / 96385 15637', '', '', 'Sohel ', '', '', 4, '', '', ''),
(288, 1, 'SMART VISION TECHNOLOGIES Security | Telecom | Office Automation Solutions', '', '9028287400 83299 31821 / 8446 287400', '', '', 'Heral Hakani', '', '', 4, '', '', ''),
(289, 1, 'LITTLE BIT GROUP', '', '99 70 75 78 12 93 09 56 36 52', '', '', 'Near &', '', '', 4, '', '', ''),
(290, 1, 'ATHARVA ENTERPRISES', '', '9702531222 ', '', '', 'Ajay Dalvi', '', '', 4, '', '', ''),
(291, 1, 'HD TECHNO SYSTEM We Help World To Grow The Technology', '', '+91 7744892909 0253-2397798', '', '', 'Harshad Ahire', '', '', 4, '', '', ''),
(292, 1, 'Safetymax fire engineers', '', '9819253621/9823173621 8655005277 / 9823642731', '', '', 'Benny Abraham', '', '', 4, '', '', ''),
(293, 1, 'Sai prasad computers', '', '7020341936 9890388292', '', '', 'Pramod Vhatkar', '', '', 4, '', '', ''),
(294, 1, 'Pratik enterprises', '', '+91 8857000712 ', '', '', 'Pratik ', '', '', 4, '', '', ''),
(295, 1, 'HT-LT Electrical Liasoning Work Solar PV, Water Heater System', '', '9850123182 ', '', '', 'Purandhar Vision', '', '', 4, '', '', ''),
(296, 1, 'NATIONAL ENTERPRISE Approved Govt. Licence Corporate', '', '9867983060 9224197349', '', '', 'Nilesh Kawa', '', '', 4, '', '', ''),
(297, 1, 'Planet solutions', '', '8070806042 27EILPK2731R1', '', '', 'Rohit Kalal', '', '', 4, '', '', ''),
(298, 1, 'TECHNOCRATS', '', '022 42480400 / 9664801837 ', '', '', 'Divyesh Soni', '', '', 4, '', '', ''),
(299, 1, 'SECURITY TECHNOLOGY', '', '9833540804 9920372926 / 9619882406', '', '', 'Sachin Bait', '', '', 4, '', '', ''),
(300, 1, 'BLUES IT securities', '', '+91 99244 81300 +91 93772 51300', '', '', 'Pinal Shah', '', '', 4, '', '', ''),
(301, 1, 'Siemens Ltd', '', '+91 (22) 39672707 +91 9869342368', '', '', 'Parag Redkar', '', '', 4, '', '', ''),
(302, 1, 'Indian Infotech', '', '+91 98981 03760 7600066770', '', '', 'Chirag Patel', '', '', 4, '', '', ''),
(303, 1, 'We are in Electrical (MCC, PCC, APFC, PLC, DRIVE PANEL), Hydrant Systems, Security Systems (CCTV, Biometric, FAS, PA, ACS, VDP & ETC), Civil & Interior', '', '9773847209 27AFIPV5328R1', '', '', 'Dinesh Vishwakarma', '', '', 4, '', '', ''),
(304, 1, 'THUKRAL TRADING PVT. LTD.', '', '9820294176 2446 9966', '', '', 'Jagdip Singh', '', '', 4, '', '', ''),
(305, 1, 'Secure Computers', '', '7304099919 9112112617', '', '', 'Er Mandhare', '', '', 4, '', '', ''),
(306, 1, 'JAGRUTI TELECOM', '', '9820334255 ', '', '', 'Hemant Shah', '', '', 4, '', '', ''),
(307, 1, 'PRAMUKH COMPUTER', '', '9723827906 6351018225', '', '', 'Bhavesh Patel', '', '', 4, '', '', ''),
(308, 1, 'Techno world Technology beyond Imagination', '', '-9998838786 -7878011906', '', '', 'Amit Jani', '', '', 4, '', '', ''),
(309, 1, 'VN Electronics India', '', '022 2444 1041 +91 91677 40455', '', '', 'Nawal Singh', '', '', 4, '', '', ''),
(310, 1, 'LUMISYNCH PRIVATE LIMITED', '', '+91 98215 24997 +91 93240 80755', '', '', 'Kailesh Ved', '', '', 4, '', '', ''),
(311, 1, 'O C.S. ENTERPRISE', '', '97693 06961 90292 79840', '', '', 'Sb Kadam', '', '', 4, '', '', ''),
(312, 1, 'vsi', '', '+91 98678 64010 ', '', '', 'Shanmuga Rajan', '', '', 4, '', '', ''),
(313, 1, 'Apps Technosolutions', '', '97023 05558/99872 67323 ', '', '', 'Prakash Bhokare', '', '', 4, '', '', ''),
(314, 1, 'CCTV CAMERA, LIGHT AUTO SENSOR, ALL TYPES OF CIVIL AND PLUMBING WORK, FIRE FIGHTING AMC, SOCIETY, HOSPITAL, COMPANY & OFFICE MAINTNANCE', '', '90829 66089 95940 87441 / 96534 29048', '', '', 'Ganesh ', '', '', 4, '', '', ''),
(315, 1, 'SPRINT Tech Solutions Limited', '', '8898693328 +91 95949 67002/8898693328', '', '', 'Sunil ', '', '', 4, '', '', ''),
(316, 1, 'Shlok infotech', '', '9898101470 9537120801', '', '', 'Jignesh. Rizawan', '', '', 4, '', '', ''),
(317, 1, 'Fire Extinguisher Hydrant System Installation, Refilling, A.M.C.', '', '9713991051 9479369387', '', '', 'Dev Enterprises', '', '', 4, '', '', ''),
(318, 1, 'Vihan enterprises', '', '9926114754 9926114754', '', '', 'Raman ', '', '', 4, '', '', ''),
(319, 1, 'Global Vision Enterprises', '', '+91 9850985745 ', '', '', 'Dnyaneshwar Bhise', '', '', 4, '', '', ''),
(320, 1, 'Amended enterprises', '', '9096502220 9370198156 / 8698467519', '', '', 'Amit Sinha', '', '', 4, '', '', ''),
(321, 1, 'Exo logic tech solutions', '', '+91 83297 68878 +91 86238 56396', '', '', 'Suyog Jagtap', '', '', 4, '', '', ''),
(322, 1, 'Aspiris Management Systems Pvt. Ltd.', '', '+91 8087732499 +91 250 2381866', '', '', 'Allmkhan Pathan', '', '', 4, '', '', ''),
(323, 1, 'T Intense Fire', '', '8083 272 272 ', '', '', 'Aniket Sankpal', '', '', 4, '', '', ''),
(324, 1, 'amar TECHNOLOGY IT Solution Provider', '', '8866676196 9712977805', '', '', 'Dilip Mokani', '', '', 4, '', '', ''),
(325, 1, 'SRT SYSTEMS & SERVICES All Electronic Security Systems & IT Solutions', '', '810 880 4499 842 584 5127 / 842 586 5127', '', '', 'Sales Amc', '', '', 4, '', '', ''),
(326, 1, 'NEELAM APPLIANCES LTD.', '', '+91 9321822343 9372211892', '', '', 'Dharmesh Vadke', '', '', 4, '', '', ''),
(327, 1, 'SSS ENGINEERING & SERVICE', '', '9790169725 9585091261', '', '', 'S Srinivasan', '', '', 4, '', '', ''),
(328, 1, 'SABS TRADING CO.', '', '9220973440 ', '', '', 'Mudassir ', '', '', 4, '', '', ''),
(329, 1, 'Fire Alarm Systems New AccEss', '', '9860890100 ', '', '', 'Pankaj Mulay', '', '', 4, '', '', ''),
(330, 1, 'JIGNESH', '', '94277 87063 ', '', '', 'Phoenix Marketing', '', '', 4, '', '', ''),
(331, 1, 'Sun electronic system', '', '9822107228 9372657585', '', '', 'D.M. Engg.)', '', '', 4, '', '', ''),
(332, 1, 'POWERTEK', '', '93777 81264 98251 81264', '', '', 'Ketanbhai Ambalia', '', '', 4, '', '', ''),
(333, 1, 'hp LUMINOUS DELL CP PLUS WD', '', '9822611612/9970855099 ', '', '', 'Krishna Sanap', '', '', 4, '', '', ''),
(334, 1, 'Optimistic', '', '+91 98205 89385 ', '', '', 'Vinayak Parab', '', '', 4, '', '', ''),
(335, 1, 'i ball', '', '+91 9820693242 ', '', '', 'Sachin Shah', '', '', 4, '', '', ''),
(336, 1, 'Boon Edam Entrance Technology (India) Private Limited', '', '+91 9322595952 +91 7045455145', '', '', 'Milind Jagtap', '', '', 4, '', '', ''),
(337, 1, 'CCTV Biometric Access Fire Alarm', '', '9033087998/9328102126 ', '', '', 'Jignesh Vyas', '', '', 4, '', '', ''),
(338, 1, 'Prime Focus Technologies', '', '+91 9324740189 +91 22 6178 5555', '', '', 'Pramod Mishra', '', '', 4, '', '', ''),
(339, 1, '', '', '+91 94261 13940 +91 97789 77854', '', '', 'Giinnovation ', '', '', 4, '', '', ''),
(340, 1, 'MOVIEW Technologies', '', '91 9967455125 9909844834', '', '', 'Mausam Panchal', '', '', 4, '', '', ''),
(341, 1, 'PIXELTECH SECURITY PRIVATE LIMITED', '', '+91 845 1007 942 +91 022 2683 1846', '', '', 'Mahesh Thale', '', '', 4, '', '', ''),
(342, 1, 'SECURITY INTERNATIONAL Pvt. Ltd.', '', '+91 7666717477 ', '', '', 'Ravindra Mahajan', '', '', 4, '', '', ''),
(343, 1, 'Sidhivinayak enterprises', '', '8380824237 9922043724', '', '', 'Pravin Rajmahadik', '', '', 4, '', '', ''),
(344, 1, 'Computer Sales & Services | CCTV | Security Surveillance', '', '+91 9822740063 ', '', '', 'Mohit Mandlik', '', '', 4, '', '', ''),
(345, 1, 'Shricom', '', '-7350240020 +91 7350240240 / 9130020240', '', '', 'Krantikishor Palsande', '', '', 4, '', '', ''),
(346, 1, 'Shree Swami Enterprises Dealing in CCTV, EPABX, Fire Alarm & Safety Equipment', '', '9821754555 9870176777', '', '', 'Girish Gore', '', '', 4, '', '', ''),
(347, 1, 'CCTV/P.A./FIRE & GAS DETECTION SYSTEM/ACCESS CONTROL/NETWORKING/INTRUSION ALARM SYSTEM INTERACTIVE LED DISPLAYS/COMMERCIAL LED DISPLAYS/D.J/ALL TYPE OF ELECTRONIC ACCESSORIES', '', '+91 9224299448 +91 9892582609', '', '', 'Kumar Vitekar', '', '', 4, '', '', ''),
(348, 1, 'Super Max Systems', '', '-9867091485 ', '', '', 'Srisailam ', '', '', 4, '', '', ''),
(349, 1, 'World Tech SOLUTION', '', '+91 88665 67103 ', '', '', 'Jigar Dholakiya', '', '', 4, '', '', ''),
(350, 1, 'Authorised FBP Eureka Forbes Ltd.', '', '+91 92233 29225 +91 98330 62620', '', '', 'Deepak Dhanawade', '', '', 4, '', '', ''),
(351, 1, 'KESHKAMAT SECURITY SOLUTIONS For Industrial & Commercial Establishments', '', '+91 9821520606 ', '', '', 'Keshkamats ', '', '', 4, '', '', ''),
(352, 1, 'JIHAN ENTERPRISE', '', '+91 99091 26109 ', '', '', 'Chetan Prajapati', '', '', 4, '', '', ''),
(353, 1, 'INFINITY MANAGEMENT ', '', '99645 40981 99647 37860', '', '', 'Mohammed Attar', '', '', 4, '', '', ''),
(354, 1, 'Devesha Infotech', '', '98222 98230/98814 01454 ', '', '', 'Mangesh Joshi', '', '', 4, '', '', ''),
(355, 1, 'IT SOLUTION PVT. LTD.', '', '83470 11156/97235 67882 ', '', '', 'Mehul Patel', '', '', 4, '', '', ''),
(356, 1, 'MANGESH ELECTRICAL WORKS', '', '919892717586 919320717586', '', '', 'Abhishek Deherkar', '', '', 4, '', '', ''),
(357, 1, 'COMPUTER CONCEPTS', '', '90750 52529 9075982829 90750 42429', '', '', 'Concepts Ratnagiri', '', '', 4, '', '', ''),
(358, 1, 'Microlink', '', '9822009967 8805674600/8805018184', '', '', 'Vivek Shinde', '', '', 4, '', '', ''),
(359, 1, 'FLAMMA AUTOMATION', '', '9527420409, 8412872781', '', '', 'Ajit Dudhe', '', 'Pune', 4, '', '', ''),
(360, 1, 'Secur-S Techno Solutions', '', '9403935807/755911707 ', '', '', 'Deepak Kotkar', '', '', 4, '', '', ''),
(361, 1, 'GRANDES MENTES', '', '+91 7774940375 +91 8178004374', '', '', 'Nishant Dean', '', '', 4, '', '', ''),
(362, 1, 'USES Inspiration Pvt. Ltd. Universal Support for Enterprises & Services', '', '9304622622 91237 28383/81086 28383', '', '', 'Mitr. Usp', '', '', 4, '', '', ''),
(363, 1, 'VH COMPUTER', '', '+91 9823609796 +91 8055228491', '', '', 'Hitesh Agrawal', '', '', 4, '', '', ''),
(364, 1, 'R10', '', '+91 9769 253 026 +91 8779 812 535', '', '', 'Rohit Vekariya', '', '', 4, '', '', ''),
(365, 1, 'KRISHNA SECURITY SOLUTION', '', '-8451871946 -9653848427', '', '', 'Krishna Security', '', '', 4, '', '', ''),
(366, 1, 'AMMAN AGENCY', '', '99656 55550 73976 88808', '', '', 'A.Devasenapathy M.I.B', '', '', 4, '', '', ''),
(367, 1, 'Reliable systems', '', '9978805546 ', '', '', 'Gangadhar Ghodke', '', '', 4, '', '', ''),
(368, 1, 'CHANDAK', '', '+91 97734 10015 022-26843911/022-26843912', '', '', 'Sachin Khambe', '', '', 4, '', '', ''),
(369, 1, 'MARVEL SECURITY SYSTEM', '', '+91-808032 3600 +91-703155 5666', '', '', 'Naresh Desai', '', '', 4, '', '', ''),
(370, 1, 'Nakoda enterprises', '', '+91 7878373701 ', '', '', 'Mr. Navlakha', '', '', 4, '', '', ''),
(371, 1, 'K VISION INFOTECH Laptop /Desktop/ CCTV / Security System', '', '9850044004 ', '', '', 'Vivek Mantri', '', '', 4, '', '', ''),
(372, 1, 'Genuine computers', '', '9422515770 9422018081', '', '', 'Amit Oswal', '', '', 4, '', '', ''),
(373, 1, 'G TECH SOLUTION', '', '+91 99244 17337 9574635552', '', '', 'Gopal Joshi', '', '', 4, '', '', ''),
(374, 1, 'Shyam Enterprise', '', '8980236421 7016022072 / 9033277201', '', '', 'Ravi Vaghela', '', '', 4, '', '', ''),
(375, 1, 'SAs Technology', '', '+91 8412800082 ', '', '', 'Sandesh Mane', '', '', 4, '', '', ''),
(376, 1, 'SHREENATHJI INFOTECH', '', '24ANXPP2608R1Z3 +91 9601051053', '', '', 'Bhavesh Padshala', '', '', 4, '', '', ''),
(377, 1, 'Patel Infosys All Solution under Single Roof...', '', '+91 98246 90091 ', '', '', 'Bhavesh Patel', '', '', 4, '', '', ''),
(378, 1, 'TSCS TECHSAI CARE SYSTEMS PVT. LTD.', '', '92233 44206 94226 87336', '', '', 'Praveen Patil', '', '', 4, '', '', ''),
(379, 1, 'RT Business Solutions', '', '+91 9390804544 ', '', '', 'Kumar. G', '', '', 4, '', '', ''),
(380, 1, 'CCTV | EPBAX | AUTOMATION | NETWORKING BIOMETRIC ATTENDANCE & ACCESS | DVR RACKS | CCTV ACCESSORIES', '', '+91 88889 32225 ', '', '', 'Dhruv Infotech', '', '', 4, '', '', ''),
(381, 1, 'Ascott infotech', '', '+91 9725938017 ', '', '', 'Kishor Dhaduk', '', '', 4, '', '', ''),
(382, 1, 'EPABX AVI Solutions CCTV Access Control IT Solutions Cloud Telephony', '', '+91 9819262421 ', '', '', 'Bhavish Choksi', '', '', 4, '', '', ''),
(383, 1, 'Sangharsh', '', '9975030039/7840932969 ', '', '', 'Ankush Pawar', '', '', 4, '', '', ''),
(384, 1, 'The Perfect Care Shifa', '', '7083954839 7030311798', '', '', 'Toufik ', '', '', 4, '', '', ''),
(385, 1, 'Computer Laptop Printer CCTV SALES & SERVICES', '', '917378471212 ', '', '', 'Rohit Chavan', '', '', 4, '', '', ''),
(386, 1, 'Sm@rtTech Solutions', '', '7776999631 8329841366', '', '', 'Narayan Peth', '', '', 4, '', '', ''),
(387, 1, 'Infinite Techsol', '', '90491 10191 ', '', '', 'Infinite Techsol', '', '', 4, '', '', ''),
(388, 1, 'VTM Fire And Safety Visual Time Management', '', '+91 7385685164 ', '', '', 'Kiran Mathapati', '', '', 4, '', '', ''),
(389, 1, 'Yashi Infotech', '', '-9870982470 68.5789942970572', '', '', 'Mohammad Azhar', '', '', 4, '', '', ''),
(390, 1, 'SRP Enterprises ', '', '+91 2235 56 6424 +91 8898 75 6388', '', '', 'Raju Gupta', '', '', 4, '', '', ''),
(391, 1, 'Elite security solutions', '', '84240 15082 90826 88292', '', '', 'Shailesh Prajapati', '', '', 4, '', '', ''),
(392, 1, 'SUPREME TECHNOCOM CCTV & Security System Wholesaler', '', '9251634315 9251634316', '', '', 'Chainaram Prajapat', '', '', 4, '', '', ''),
(393, 1, 'TM IOT Technology Solution Provider', '', '98259 30040 ', '', '', 'Chintan Joshi', '', '', 4, '', '', ''),
(394, 1, 'Sreeman technologies', '', '+91 9494981433 ', '', '', 'Kumar. G', '', '', 4, '', '', ''),
(395, 1, 'MAHI ENTERPRISES', '', '+91 99200 70018 +91 99304 09347', '', '', 'Apurva Patel', '', '', 4, '', '', ''),
(396, 1, 'Arya infotech', '', '+91 7900055925 27AGIPA0017F124', '', '', 'Pranesh Aryamane', '', '', 4, '', '', ''),
(397, 1, 'VGON Group', '', '7239998880 7239997776', '', '', 'V Kumar', '', '', 4, '', '', ''),
(398, 1, '@ SHREE SAI COMPUTERS', '', '9224467881 7045467881', '', '', 'Amol Khetal', '', '', 4, '', '', ''),
(400, 1, 'SB ENTERPRISES CCTV SALES & SERVICE', '', '9701622016 6300221212', '', '', 'Sai Krishna', '', '', 4, '', '', ''),
(401, 1, 'New gen technology', '', '7385358225 9860649110', '', '', 'Amit ', '', '', 4, '', '', ''),
(402, 1, 'Shree mahalaxmi infotech', '', '9870356202 ', '', '', 'Anil Zapadiya', '', '', 4, '', '', ''),
(403, 1, 'MB systems', '', '9422048499 9326600795', '', '', 'Deepak Shetty', '', '', 4, '', '', ''),
(404, 1, 'V. C. INFOTECH COMPLETE SECURITY SOLUTIONS', '', '+91 86898 78115 +91 98332 96770', '', '', 'Vikram Chauhan', '', '', 4, '', '', ''),
(405, 1, 'Techbuzz AUTOMATION', '', '9049 802 330 ', '', '', 'Awes Memon', '', '', 4, '', '', ''),
(406, 1, 'Adit Innovation Pvt. Ltd.', '', '9099963457 ', '', '', 'Vishal ', '', '', 4, '', '', ''),
(407, 1, 'DELTA ENTERPRISE', '', '88495 81296 78628 83105', '', '', 'Dhruv Vaidh', '', '', 4, '', '', ''),
(408, 1, 'SIDDHI SYSTEM', '', '09209 771177 ', '', '', 'Ramakant Pawase', '', '', 4, '', '', ''),
(409, 1, 'ULTIMA Security & Technology', '', '81499 59145-8888759145 ', '', '', 'Onkar (Swami)', '', '', 4, '', '', ''),
(410, 1, 'kapri corp. High End Security Solutions', '', '+91 (22) 6692 4209 +91 98213 36880', '', '', 'Nilanjan Halder', '', '', 4, '', '', ''),
(411, 1, 'VD nfoTech', '', '+91 99870 01711 ', '', '', 'Vishal Bhanushali', '', '', 4, '', '', ''),
(412, 1, 'UNITECH COMPUTER WORLD', '', '-9925150076 -9979999536', '', '', 'Pravin Dabhi', '', '', 4, '', '', ''),
(413, 1, 'Jayshree Electronics', '', '7045922855 022-48817104/7255/35906702', '', '', 'Sumeet Barai', '', '', 4, '', '', ''),
(414, 1, 'Cosmos group', '', '88790 90777 ', '', '', 'Chetan Kambale', '', '', 4, '', '', '');
INSERT INTO `client` (`Client_Id`, `Active`, `Name`, `Address`, `Mobile`, `Landline`, `Email`, `Contact_Person`, `City`, `State`, `Category`, `GST`, `Last_Active_Date`, `Last_Deactive_Date`) VALUES
(415, 1, 'TR TECH ROOT', '', '9284971486 9604538433', '', '', 'Sujar Panderkar', '', '', 4, '', '', ''),
(416, 1, 'SWASTIK HOME AUTOMATION', '', '0757089428/9821136523 ', '', '', 'Mahendra Mistry', '', '', 4, '', '', ''),
(417, 1, 'Amey INC.', '', '(+91) 8600 041 041 (+91) 9423439973', '', '', 'Pravin Gawande', '', '', 4, '', '', ''),
(418, 1, 'Krishna components', '', '+91 9967281041 +91 7726878796', '', '', 'Raju Bishnoi', '', '', 4, '', '', ''),
(419, 1, 'Starsun it network', '', '9423779461 8055839368', '', '', 'Starsun ', '', '', 4, '', '', ''),
(420, 1, 'DC COMPUTER', '', '9970958818 9423028818', '', '', 'Dipak Chavan', '', '', 4, '', '', ''),
(421, 1, 'GURUKRUPA C.C.T.V. ALL TYPE OF C.C.T.V. CAMERA SOLUTION', '', '93753 64022 63544 10458 / 93769 78179', '', '', 'Manu Jinjala', '', '', 4, '', '', ''),
(422, 1, 'Computers & Laptop, CCTV Camera, Bulk SMS, Voice Call Available Wholesale Refurbished Computers & Laptop', '', '7588 006400 94238 77707', '', '', 'Prashant Lawande', '', '', 4, '', '', ''),
(423, 1, 'M@trix CCTV, Telecom System & Solar', '', '9272121264 9145121229', '', '', 'Barkat Shaikh', '', '', 4, '', '', ''),
(424, 1, 'ALL TYPE OF CCTV CAMERA SALES AND SERVICES', '', '9898919370 ', '', '', 'Raj Chaturvedi', '', '', 4, '', '', ''),
(425, 1, 'STERLING CCTV SOLUTIONS', '', '7411222222 ', '', '', 'H.K.Vinod Kumar', '', '', 4, '', '', ''),
(426, 1, 'GLOBAL Solution', '', '+91 731-4266620 +91-9098989804,+91-7869281516', '', '', 'Zaid Shaikh', '', '', 4, '', '', ''),
(427, 1, 'Tirth computer', '', '+91 98257 17234 ', '', '', 'Bhavesh Patel', '', '', 4, '', '', ''),
(428, 1, 'Bhagya INFOTECH COMPUTERS & CCTV CAMERAS SALES & SERVICES', '', '9016655584 9924555584', '', '', 'Dhaval Patel', '', '', 4, '', '', ''),
(429, 1, '36 PROACTIVE SECURITY ACADEMY', '', '9702585819/9029604447 9869161931/8097646378/ 98672', '', '', 'Rajesh Sharma', '', '', 4, '', '', ''),
(430, 1, 'Security Consultant', '', '8097646378/8450934990 ', '', '', 'Sanjay Mestry', '', '', 4, '', '', ''),
(431, 1, 'ASCOM Infotech Pvt Ltd', '', '9167497001 ', '', '', 'Nikunj Shah', '', '', 4, '', '', ''),
(432, 1, 'Waves Telecom', '', '9422203008 / 9890392535 7028011329', '', '', 'Mayuri Mahadik', '', '', 4, '', '', ''),
(433, 1, 'SPN3 Digital Systems (India) Pvt. Ltd', '', '+91 98501 76265 +91 87886 16919', '', '', 'Satish Londhe', '', '', 4, '', '', ''),
(434, 1, 'LAPCOM SOLUTIONS', '', '9820170391 9892591346', '', '', 'Mustafa Shaikh', '', '', 4, '', '', ''),
(435, 1, '4ever EcoTech Solutions', '', '+91 90046 90245 ', '', '', 'Nilesh Vartak', '', '', 4, '', '', ''),
(436, 1, 'RADHE ENTERPRISES', '', '7666334433 7400262611 /9834343081', '', '', 'Ajay Sharma', '', '', 4, '', '', ''),
(437, 1, 'MAITRY SALES SECURITY SOLUTION SERVICES', '', '98210 57194 93238 48200 / 98214 22177', '', '', 'Karan Shah', '', '', 4, '', '', ''),
(438, 1, 'Way technology', '', '+91 95586 91021 +91 63510 35118', '', '', 'Kishan Desai', '', '', 4, '', '', ''),
(439, 1, 'NETPLACE TECHNOLOGIES PVT. LTD.', '', '+91 9167209817 +91 22 42213901', '', '', 'Moizuddin Khwaja', 'Mumbai', 'Maharashtra', 4, '', '', ''),
(440, 1, 'Dealers for CCTV, Wireless CCTV, Burglar Alarm, Security Lights & Fire Alarm', '', '(0832) 2411687 7769092914', '', '', 'Vicksan Gurjão', '', '', 4, '', '', ''),
(441, 1, 'Saideep computers', '', '9975763577 97588606527 ', '', '', 'Sandip Jhondale', '', '', 4, '', '', ''),
(442, 1, 'EATON', '', '-71438110 -8839048486', '', '', 'Aman Payasi', '', '', 4, '', '', ''),
(443, 1, 'Syratron Technologies Pvt Ltd', '', '+91 97682 74048 +91 22 28390909', '', '', 'Santosh Chaudhari', '', '', 4, '', '', ''),
(444, 1, 'REE SUME COMPUTER SERVICES', '', '9595577279 ', '', '', 'Sunny Bogawat', '', '', 4, '', '', ''),
(445, 1, 'Mahindra Defence Systems Limited', '', '+91 9930858917 ', '', '', 'Hari Chand', '', '', 4, '', '', ''),
(446, 1, 'Symmetric Engineering LLP Engineers & Contractors', '', '-9869692575 ', '', '', 'Nandakumar Kadrekar', '', '', 4, '', '', ''),
(447, 1, 'mens MINI COMP NETWORK SYSTEMS', '', '-9967431428 ', '', '', 'Rohit (Arch.)', '', '', 4, '', '', ''),
(448, 1, 'RIDDHI ELECTROSYS LLP', '', '+91 99099 27362 ', '', '', 'Jayesh Parsaniya', '', '', 4, '', '', ''),
(449, 1, 'Total Solution For Printer & Cartridge Refilling', '', '80002 62596 ', '', '', 'Sohel Khalifa', '', '', 4, '', '', ''),
(450, 1, 'SMART VISION ENTERPRISE Connecting The World', '', '9820171657/8591690922 ', '', '', 'Ganesh Nambiar', '', '', 4, '', '', ''),
(451, 1, 'Atech computer and cctv', '', '70164 82718 70164 82718', '', '', 'Aamir Shaikh', '', '', 4, '', '', ''),
(452, 1, 'DK computer', '', '98254 11353 97238 17353', '', '', 'Dharmesh Kosambiya', '', '', 4, '', '', ''),
(453, 1, 'Maharashtra Enterprises', '', '9860996699 9730464400', '', '', 'Sachin Gijar', '', '', 4, '', '', ''),
(454, 1, 'Rahul', '', '7977038177 ', '', '', 'Maddy Computers', '', '', 4, '', '', ''),
(455, 1, 'VORTEX FIRE SAFETY & SECURITY SYSTEMS', '', '96555 73388 97905 18413', '', '', 'Raja .K', '', '', 4, '', '', ''),
(456, 1, 'Sbs infotech', '', '7400131549 -66971404', '', '', 'Kiran Medhekar', '', '', 4, '', '', ''),
(457, 1, 'Kaginkar', '', '+91 93206 07960 022 32154337', '', '', 'Sanjay Kaginkar', '', '', 4, '', '', ''),
(458, 1, 'Computer Cartridge Printers Hardware', '', '9867397804 8655007119 / 9930023071/9324307119', '', '', 'Shree Namah', '', '', 4, '', '', ''),
(459, 1, 'Authorised Partner for Microsoft Hikvision, HP, Lenovo & Alcon', '', '7400131549 ', '', '', 'Kiran Medhekar', '', '', 4, '', '', ''),
(460, 1, 'TEBillion', '', '7400 400 450 ', '', '', 'Sonal Thakur.', '', '', 4, '', '', ''),
(461, 1, 'SANKET SANKET ENTERPRISE FIRE PROTECTION ENGINEERS & CONTRACTORS', '', '98 33 978590 0222882 6648', '', '', 'Sanjay Patel', '', '', 4, '', '', ''),
(462, 1, 'C.S. ENTERPRISE', '', '97693 06961 90292 79840', '', '', 'SB Kadam', '', '', 4, '', '', ''),
(463, 1, 'NIMESH ELECTRONICS', '', '9821623626 0251-2205742', '', '', 'Pramod Nimesh', '', '', 4, '', '', ''),
(464, 1, 'Classic Telecom Leading in EPABX, KTS, VIDEO DOOR PHONE, DVR, IVR', '', '88284 27436 99670 30125', '', '', 'Ashok Nag', '', '', 4, '', '', ''),
(465, 1, 'MATRIX Panasonic SONY', '', '9850059335 7378654444', '', '', 'Eminent Systems', '', '', 4, '', '', ''),
(466, 1, 'CCTV, Video Door Phone, Fire Alarm, Burglar Alarm, Biometric Systems etc..', '', '966 470 94 37 ', '', '', 'Sourabh Bhayde', '', '', 4, '', '', ''),
(467, 1, 'PACE Infocom industrial sol', '', '9897188999', '', '', '', ' rudrapur', ' uttarakhand', 4, '', '2023-08-25', '2023-08-25'),
(468, 1, 'SRPS enterprises security ', '', '8851767507', '', '', '', ' aligarh', 'UP', 4, '', '', ''),
(469, 1, 'mangalam marketing', '', '9639004150 9839004150', '', '', '', 'dehradun', ' uttarakhand', 4, '', '', ''),
(470, 1, 'snorthern it and security', '', '8808935856', '', '', '', '', '', 4, '', '', ''),
(471, 1, 'nitass global innovative', '', '8858917284', '', '', '', 'varanasi', 'u.p', 4, '', '', ''),
(472, 1, 'premierelectronics', '', '9814093862', '', '', '', 'chandigarh', 'punjab', 4, '', '', ''),
(473, 1, 'silicon computers', '', '9872203464, 9914975666', '', '', '', 'chandigarh', 'punjab', 4, '', '', ''),
(474, 1, 'nextgen infosystem', '', '9910888874', '', '', '', 'faridabad', '', 4, '', '', ''),
(475, 1, 'Time trac sol', '', '9560305605', '', '', '', 'badarpur', 'new delhi', 4, '', '', ''),
(476, 1, 'chanakya electronics', '', '9810262944', '', '', '', 'jaitpur', '', 4, '', '', ''),
(477, 1, 'sterling security', '', '9871622020', '', '', '', '', ' ', 4, '', '', ''),
(478, 1, 'shagun projection ', '', '8384050801', '', '', '', '', '', 4, '', '', ''),
(479, 1, 'all time solutions', '', '9331018434', '', '', '', 'kolkata', 'west bengal', 4, '', '', ''),
(480, 1, 'z plus security system', '', '7016655251', '', '', '', 'surat', 'Gujarat', 4, '', '', ''),
(481, 1, 'yastu enterpirses', '', '8451007938', '', '', '', 'mumbai', 'maharashtra', 4, '', '', ''),
(482, 1, 'leo telecom s cctv systems', '', '9869052660', '', '', '', 'mumbai', 'maharashtra', 4, '', '', ''),
(483, 1, 'KT AUTOMATION ', '', '9227788388', '', '', '', 'VADODRA', '', 4, '', '', ''),
(484, 1, 'PSAFE ELECTRONIC SECURITY', '', '9818994837', '', '', '', 'new delhi', '', 4, '', '', ''),
(485, 1, 'chetna agencies', '', '9415110372', '', '', '', 'lucknow', '', 4, '', '', ''),
(486, 1, 'desire electronic security automation', '', '9782207225', '', '', '', 'jaipur', '', 4, '', '', ''),
(487, 1, 'Ganpati infotech', '', '9829028271', '', '', '', 'jaipur', '', 4, '', '', ''),
(488, 1, 'Gvtel communication system', '', '9953720003 9871295531', '', '', '', '', '', 4, '', '', ''),
(489, 1, 'security control systems', '', '9810216681', '', '', '', 'kirti nagar', '', 4, '', '', ''),
(490, 1, 'Aradhya solutions', '', '7030786593', '', '', '', 'pune', 'maharashtra', 4, '', '', ''),
(491, 1, 'third eye security systems', '', '9820006622 9223388832', '', '', '', 'mulund colony', 'gujarat', 4, '', '', ''),
(492, 1, 'RAW security', '', '7506329070 7942788611', '', '', '', 'jaipur', 'rajasthan', 4, '', '', ''),
(493, 1, 'tanush corporation', '', '9437054327', '', '', '', 'sambalpur', 'odisha', 4, '', '', ''),
(494, 1, 'Guardian securities', '', '9714834599', '', '', '', 'bharuch', ' gujrat', 4, '', '', ''),
(495, 1, 'connect s secure', '', '9999566382', '', '', '', 'uttam nagar', 'new delhi', 4, '', '', ''),
(496, 1, 'octopus technologies', '', '9999885828', '', '', '', 'new delhi', 'delhi', 4, '', '', ''),
(497, 1, 'khurana seurity systems', '', '9814810059 9417838322', '', '', '', '', '', 4, '', '', ''),
(498, 1, 'dux integrated security solution', '', '9716077449', '', '', '', 'ghaziabad', 'uttar pradesh', 4, '', '', ''),
(499, 1, 'AMITY electronic corporation', '', '9927080962', '', '', '', 'mathura', 'uttar pradesh', 4, '', '', ''),
(500, 1, 'R k electra systems', '', '9716898356', '', '', '', 'new delhi', '', 4, '', '', ''),
(501, 1, 'vaya technologies', '', '9828045796', '', '', '', 'udaipur', '', 4, '', '', ''),
(502, 1, 'centre tap engineering', '', '9825358540', '', '', '', 'Ahmedabad', 'gujarat', 4, '', '', ''),
(503, 1, 'akshay communication', '', '9368750003', '', '', '', 'mathura', 'uttar pradesh', 4, '', '', ''),
(504, 1, 'vertika enterprises', '', '9410528006', '', '', '', 'lucknow ', 'uttar pradesh', 4, '', '', ''),
(505, 1, 'GM securitech', '', '7503344550', '', '', '', 'faridabad', 'haryana', 4, '', '', ''),
(506, 1, 'infosys technologies', '', '9719347618', '', '', '', 'haldwani', ' uttarakhand', 4, '', '', ''),
(507, 1, 'pantech secure solution', '', '7428857163', '', '', '', 'Dwarka ', '', 4, '', '', ''),
(508, 1, 'aanee automations S controls', '', '9353308028', '', '', '', '', '', 4, '', '', ''),
(509, 1, 'panorama security systems', '', '9873224133', '', '', '', 'faridabad', 'haryana', 4, '', '', ''),
(510, 1, 'ATC smart home connection', '', '8042784099', '', '', '', 'jaipur', 'rajasthan', 4, '', '', ''),
(511, 1, 'ATC global', '', '9314013607', '', '', '', 'jaipur', 'rajasthan', 4, '', '', ''),
(512, 1, 'third eye communication', '', '8238063944', '', '', '', '', '', 4, '', '', ''),
(513, 1, 'RD infotech', '', '8698869100', '', '', '', '', '', 4, '', '', ''),
(514, 1, 'Panchal', '', '91 9967455125', '', '', '', 'MOVIEW Technologies', 'Software & Security Systems', 4, '', '', ''),
(515, 1, 'Aprilent systems ', '', '8338998338', '', '', '', 'khordha', 'odisha ', 4, '', '', ''),
(516, 1, 'samtrack solutions', '', '8800162530', '', '', '', 'new delhi', 'Delhi', 4, '', '', ''),
(517, 1, 'Aadya securities s tech solution', '', '8197141931 7760213169', '', '', '', '', '', 4, '', '', ''),
(518, 1, 'RK enterprises', '', '9872975121 9814040206', '', '', '', 'ludhiana', '', 4, '', '', ''),
(519, 1, 'E security systems ', '', '9811901824', '', '', '', 'Gurugram', 'haryana', 4, '', '', ''),
(520, 1, 'MS shree bankey bihari enterprises', '', '9466936769', '', '', '', 'Panipat ', 'Haryana', 4, '', '', ''),
(521, 1, 'GEOTECH ELECTRONICS INDIA', '', '9811609622', '', '', '', 'new delhi', 'Delhi', 4, '', '', ''),
(522, 1, 'AGS Enterprises ', '', '97297 02311', '', '', '', 'Gurugram', 'haryana', 4, '', '', ''),
(523, 1, ' Raymatix technology Bhuneshwar ', '', '94390 53106 ', '', '', '', 'Odisha', '', 4, '', '', ''),
(524, 1, 'AVIK Automation', '', '9305206451, 9628006111', '', '', '', ' Varanasi', 'Uttar Pradesh', 4, '', '', ''),
(525, 1, 'Global Tech Solution', 'S-2/327 -G-3 kautilya kon RD , Gilat bazar, varanasi ,up :221002', '8299656566', '', 'gts.praveen41@gmail.com', 'Praveen', ' Varanasi', 'UP', 4, '', '', ''),
(526, 1, 'Hn protech', '', '8510006933', '', '', 'Monty', 'Delhi', '', 4, '', '', ''),
(527, 1, 'Digital it security', '', '8368020703', '', '', 'NK rajput', 'Delhi', '', 4, '', '', ''),
(528, 1, 'suntech solutions', '', '9871115371', '', '', 'sabir ahmad', 'govindpuri', '', 4, '', '', ''),
(529, 1, 'Arise technologies', '', '9891909400', '', '', '', '', '', 4, '', '', ''),
(530, 1, 'sai tech communication', '', '9810012258', '', '', 'deepak', '', '', 4, '', '', ''),
(531, 1, 'JUBILANCE BUSINESS SOLUTIONS ', '', '9871328663', '', '', 'vipin tyagi', '', '', 4, '', '', ''),
(532, 1, 'IT hub infotech', '', '8076383847', '', '', '', 'Laxmi nagar', '', 4, '', '', ''),
(533, 1, 'khus enterprises', '', '7838571435', '', '', '', '', '', 4, '', '', ''),
(534, 1, 'se sanchita enterprises corp ', '', '9214066271', '', '', '', 'jaipur', '', 4, '', '', ''),
(535, 1, 'krishna it solutions', '', '9999905872', '', '', '', 'Delhi', '', 4, '', '', ''),
(536, 1, 'Reliable system', '', '9978805546', '', '', '', 'surat', '', 4, '', '', ''),
(537, 1, 'Krish security solutions', '', '9334414928', '', '', 'Dinesh kumar', 'Patna', '', 4, '', '', ''),
(538, 1, 'H.S enterprises', '', '9212301509', '', '', 'satinder pal', '', '', 4, '', '', ''),
(539, 1, 'AAR techno soft', '', '9873027442', '', '', '', '', '', 4, '', '', ''),
(540, 1, 'HI techno', '', '8218115676', '', '', '', 'agra', 'UP', 4, '', '', ''),
(541, 1, 'Next gen.', '', '9910888874', '', '', 'inderjeet singh', '', '', 4, '', '', ''),
(542, 1, 'Infinity it and security sol:', '', '9717868317', '', '', '', 'gurugram', '', 4, '', '', ''),
(543, 1, 'Technomac management', '', '9354917432', '', '', 'Rajneesh kumar', '', '', 4, '', '', ''),
(544, 1, 'lawrence dsouza lea', '', '9869052660', '', '', '', '', '', 4, '', '', ''),
(545, 1, 'R K security systems', '', '9540264558', '', '', 'ranje', '', '', 4, '', '', ''),
(546, 1, 'leo secure systems', '', '8268774141', '', '', '', '', '', 4, '', '', ''),
(547, 1, 'Silver line electronics', '', '8369362010', '', '', 'jeetendra', '', '', 4, '', '', ''),
(548, 1, 's.s communications', '', '9829015613', '', '', 'sonu', 'jaipur', '', 4, '', '', ''),
(549, 1, 'om securities systems', '', '9699669640', '', '', 'mukesh', '', '', 4, '', '', ''),
(550, 1, 'Destiny systems', '', '8866729012', '', '', '', '', '', 4, '', '', ''),
(551, 1, 'N.R security ', '', '9891260222', '', '', '', '', '', 4, '', '', ''),
(552, 1, 'strategic infotech', '', '9868430156', '', '', '', '', '', 4, '', '', ''),
(553, 1, 'smart eye', '', '7888503040', '', '', '', 'Tagore park', '', 4, '', '', ''),
(554, 1, 'invento', '', '8920611310', '', '', '', '', '', 4, '', '', ''),
(555, 1, 'Anshtec technologies', '', '9448831200', '', '', '', '', '', 4, '', '', ''),
(556, 1, 'network security solutions delhi', '', '9213175060', '', '', '', '', '', 4, '', '', ''),
(557, 1, 'super safe', '', '8510994057', '', '', '', '', '', 4, '', '', ''),
(558, 1, 'krishna technologies', '', '9600115177', '', '', '', 'nellore', '', 4, '', '', ''),
(559, 1, 'HN india automation ', '', '9911317240', '', '', 'shakti singh', 'jasola Delhi', '', 4, '', '', ''),
(560, 1, 'vishwadarshan', '', '9827037222', '', '', '', 'indore', '', 4, '', '', ''),
(561, 1, 'Rmc technology', '', '7529075290', '', '', '', 'haryana', '', 4, '', '', ''),
(562, 1, 'Rnan infotech', '', '8130414204', '', '', '', 'Ghaziabad', '', 4, '', '', ''),
(563, 1, 'Millennium electronic', '', '9590333355', '', '', '', 'Bangalore', '', 4, '', '', ''),
(564, 1, 'Dowell Technologies', 'No.12, 1st Floor, Arthanari St., Opp. New Bas Stand, Behind Akilesh Selva Maligai, Arthnari Nagar, Selam-636004', '9943389555, 9514299555', '', 'dowelltechno@gmail.com', '', '', 'Salem', 4, '', '', ''),
(565, 1, 'YTT Networks', 'No.24, Saraswathi Street, Kasi Visalakasipuram, Keelkattalai, Chennai, Tamilnadu-600117', '9600002546', '', 'yttnetworks@gmail.com', '', '', 'Chennai', 4, '', '', ''),
(566, 1, 'Adithya Technologies', '', '9248977889, 7842077889', '', '', '', '', '', 4, '', '', ''),
(567, 1, 'Geeta Vision', '', '7992307966', '', '', 'Akash ', '', 'Patna', 4, '', '', ''),
(568, 1, 'JT Total Security Systems', '', '9313457506', '', '', 'Tejinder Ji', '', 'Noida', 4, '', '', ''),
(569, 1, 'Golf Automation', '', '9643022170', '', '', 'Reena Rai', '', 'Noida', 4, '', '', ''),
(570, 1, 'Ayush Enterprises', '', '9219616067', '', '', '', '', 'Meerut', 4, '', '', ''),
(571, 1, 'Navkar Systems', 'RN-3, Mahesh Nagar, Ambala Cant, Kabir Nagar, Ambala, Haryana-133001', '9996635607', '', 'marketing@navkarsys.com', 'Moulik Jain', '', 'Ambala, Haryana', 4, '', '', ''),
(572, 1, 'Unique Solutions', 'Opp. Vitoba Rukamani Temple, SSK Shri Ram Complex, Kamaripeth, Hubballi-580028, Karnataka', '9448134686', '', 'uniquesolution69@gmail.com', 'Ganpat Ji', '', 'Hubli, Karnataka', 4, '', '', ''),
(573, 1, 'Jain Phones', '', '8297678454', '', '', 'Sambhav Jain', '', 'Hydrabad', 4, '', '', ''),
(574, 1, 'A K Marketing', '', '9431579333', '', '', 'Abhishek Ji', '', 'Ranchi', 4, '', '', ''),
(575, 1, 'Shirdi Sai Safety & Security', '', '9525526275', '', '', 'Prem Kishore', '', 'Ranchi', 4, '', '', ''),
(576, 1, 'Time Automation', '', '9988123555', '', '', 'Navjot Ji', '', 'Ludhiana', 4, '', '', ''),
(577, 1, 'Shailaja Electronics', '', '9989952606', '', '', 'Ritesh Ji', '', 'Hyderabad', 4, '', '', ''),
(578, 1, 'Ofort Technologies', '207, 2nd Floor, Vikas Plaza, K Block, DDA Shopping Complex, Guru Ravi-Das Marg, Kalkaji, Over HDFC Bank, New Delhi-110019', '9312435438, 8048764031', '', '', 'Mohit Ji', '', 'Kalkaji', 4, '', '', ''),
(579, 1, 'One More Fitness', '', '8424803661', '', '', '', '', 'Thane, MH', 4, '', '', ''),
(580, 1, 'Star Catalyst', '', '9891554831', '', '', 'Amit Amarpuri', 'maya puri', 'Delhi', 4, '', '', ''),
(581, 1, 'Suresh Plastic Printing & Security System Pvt. Ltd.', 'S-03,Haware Fantasia Business Park, Sector-30A, Vashi, Navi Mumabai, MH-400703', '9321155395', '', '', 'Suresh Arul', '', 'Mumbai', 4, '', '', ''),
(582, 1, 'Goldline Security System', '', '9811410963', '', '', 'Jitendra Ji', '', 'Sant Nagar, New Delhi', 4, '', '', ''),
(583, 1, 'United Security Solutions', '306, 3rd Floor, Adarsh Tower, Wazirpur Commercial Complex, Delhi', '9910078894', '', 'harshit@unitedsecuritysolutions.in', 'Harshit Gambhir', '', 'Wazirpur', 4, '', '', ''),
(584, 1, 'R P Security System & Solutions', 'H.No. 303, Vikas Marg, Near Ambedkar Park, Karkarduma', '9911017781, 8377884434', '', 'rpsssolutions06@gmail.com', 'Raj Kumar', '', 'Karkarduma, East Delhi', 4, '', '', ''),
(585, 1, 'Agrawal Infosys', '', '9917805666', '', 'agrawalinfosys@gmail.com', 'Shobhit Ji', '', 'Moradabad', 4, '', '', ''),
(586, 1, 'Vertex Automation Security Systems', '', '8930893330', '', '', 'Anil Ji', '', 'Rewari', 4, '', '', ''),
(587, 1, 'S S Entrance Automation', '808, 4th Block, Mogappair West, Chennai-600037', '9840114291', '', '', '', '', 'Chennai', 4, '', '', ''),
(588, 1, 'HBS Automation', '', '8506945669', '', '', 'Ravi Ji', '', '', 4, '', '', ''),
(589, 1, 'Automation Zone', '# 83, Raju Naidu Road, Sivananda Colony, Tatabad (City Union Bank) Coimbatore-641012', '9442009522', '', 'info@autozoneind.com', 'M. Sanjay Jain', '', 'Coimbatore', 4, '', '', ''),
(590, 1, 'Smart Infocom Pvt. Ltd.', '', '9004976516', '', '', '', '', 'Mumbai', 4, '', '', ''),
(591, 1, 'Kings Automation', '12/261, Karichalil Building, Puthiyakavu, sanghpura, Mukku-kattilkadavu Road, Kerala-690542', '9961363164', '', '', '', '', 'Kerala', 4, '', '', ''),
(592, 1, 'Gate Automation India', 'MC Road, Thukalassery, Thiruvalla, Kerala-682015', '9995353351', '', '', '', '', 'Kerala', 4, '', '', ''),
(593, 1, 'Doormate Automations', '3/221, Nilambilly appartment, Chittilapilly, PO. Thrissur, Kerala', '9388798444, 8289884412', '', 'doormatecctv@gmail.com', '', 'Thrissur', '', 4, '', '', ''),
(594, 1, ' Apex System', '4/44, Jatin Das Nagar, Belgharia, Kolkata-700056', '9433090979', '', 'contact@apexsystem.in', 'Saurabh Chakraborty', '', 'kolkata', 4, '', '', ''),
(595, 1, 'Suzitech', '', '9716885874', '', '', 'Sujit ', '', 'Ganesh nagar, Delhi', 4, '', '', ''),
(596, 1, 'K Electrosoft', '', '9985292333', '', '', '', '', '', 4, '', '', ''),
(597, 1, 'OM corp', '', '7400101012', '', '', '', '', '', 4, '', '', ''),
(598, 1, 'In4 Solution', '', '9094040555', '', '', 'Yuvraj B.', '', 'Chennai', 4, '', '', ''),
(599, 1, 'Bharti Creation', '', '7982070678', '', '', 'Gopal Ji', '', '', 4, '', '', ''),
(600, 1, 'Sniper Soft', '', '9916821222', '', '', 'Arun Ji', '', 'Bangalore', 4, '', '', ''),
(601, 1, 'Cyber Security Systems', '1st Floor, Garhwal Market, Near Mohkampur Flyover, Dehradun, Uttarakhand-248001', '9760810488', '', '', '', '', 'Dehradun', 4, '', '', ''),
(602, 1, 'Eagle TechSec Communications (I) Pvt. Ltd.', '', '9009790077, 9827035252, 9009700000', '', 'harsh@etcipl.com', 'Harsh Ji', '', 'Indore', 4, '', '', ''),
(603, 1, 'Edge Technology', '', '9321694219', '', 'devendra@edgetechnology.com', 'Devendra Ji', '', '', 4, '', '', ''),
(604, 1, 'Indian Network Technology', '', '9842218893/35/23', '', 'mc@inttech.in', '', '', 'Chennai', 4, '', '', ''),
(605, 1, 'Chaitanya Telecome (I) Pvt. Ltd.', '234, BIMM Road, Bhumkar Nagar, Waked, Pimpri-Chinchwad, MH-411033', '8888880667', '', 'katyare_d@chaitnyatelecom.co.in', 'Devendra Ji', '', 'Chinchwad, MH', 4, '', '', ''),
(606, 1, 'I Sense ', '', '9642883636', '', '', '', '', 'Hyderabad', 4, '', '', ''),
(607, 1, 'Gaido Technologies Pvt. Ltd.', '', '7373735668', '', '', '', '', 'Hyderabad', 4, '', '', ''),
(608, 1, 'Adithya Automation & Security Systems', '', '9840310444', '', 'baskaran@aatmss.com', 'Mr. Baskaran', '', 'Chennai', 4, '', '', ''),
(609, 1, 'Balaji Traders', '3, Puja Complex, Opp. Canara Bank, Near Prem Nagar Ashram (Main Gait), Jwalapur, Haridwar, (U.K.)', '9536083524', '', '', 'Mr. Kailash', '', 'Haridwar', 4, '', '', ''),
(610, 1, 'Falcon Enterprises', '', '9426082569', '', '', '', '', 'Ahmadabad', 4, '', '', ''),
(611, 1, 'V R Tech Solutions', '', '9082636546', '', '', '', '', '', 4, '', '', ''),
(612, 1, 'Preditech Solutions Pvt. Ltd.', 'Plot No. 678, 3, service Road S, Baramunda, Bhubaneswar, Odisha-751003', '7440067010', '', '', '', '', 'Bhubaneswar', 4, '', '', ''),
(613, 1, 'Concord', '', '9831229618', '', '', 'Ardhendu Das', '', '', 4, '', '', ''),
(614, 1, 'Warden Security Systems', '', '9880702765', '', '', 'Mr. Varun', '', 'Bangalore', 4, '', '', ''),
(615, 1, 'Amtel Communication Pvt. Ltd.', '', '9339103100', '', 'ajay@amtelcommunication.com', 'A.K. Chatterjee', '', 'kolkata', 4, '', '', ''),
(616, 1, 'Multi Tech Solutions', '', '7697712345', '', '', 'Manoranjan Mahapatra', '', 'Thane, MH', 4, '', '', ''),
(617, 1, 'Ecube Services', '', '9422012312/8149330610', '', '', 'Paresh ShantiLal Mutha', 'Nasik', '', 4, '', '', ''),
(618, 1, 'Smart Digital Enterprises', '', '8451936585', '', '', '', '', 'Raigad, MH', 4, '', '', ''),
(619, 1, 'Hindustan Security Systems', '', '9425004128', '', '', 'jitendra Kumar', '', 'Bhopal', 4, '', '', ''),
(620, 1, 'Vineet Sysytems', '', '7614004727', '', '', 'Vineet Dhawan', '', 'Jabalpur, MP', 4, '', '', ''),
(621, 1, 'Royal Brothers', '', '9202241219/9826069075', '', '', 'Mohd. Zafar', '', 'Bhopal', 4, '', '', ''),
(622, 1, 'Sigma Telecome', '', '981185633', '', 'sigmatelecom1995@gmail.com', 'Uttam Kumar Chauhan', '', 'Uttam Nagar', 4, '', '', ''),
(623, 1, 'Electronics Vision ', 'R-235/6, Flat No.301, Jogabai Extn. Okhla, New Delhi-110025', '9811634402', '', '', 'Mr. Sifat', '', 'JogaBai Extn. Jamia Nagar', 4, '', '', ''),
(624, 1, 'Ample Trails', '', '9315441078', '', '', 'Mayank Jain', '', 'Kataria Market, SCO 5, Acharya Puri, Sector 7, Gurugram, Haryana 122001', 4, '', '', ''),
(625, 1, 'Holy Industries', '', '9007942571', '', '', 'Sujit Das', '', '9B, Roy Bahadur Road, Behala, Kolkata-700034', 4, '', '', ''),
(626, 1, 'Alaska Automation Pvt. Ltd.', '', '9310878763, 9313108334', '', '', 'Dansih Sattar', '', 'New Delhi', 4, '', '', ''),
(627, 1, 'Safkon Technologies Pvt. Ltd.', '', '9650390079, 9818000366', '', '', '', '', '', 4, '', '', ''),
(628, 1, 'Ethical Security Solutions', '', '8427017217, 9257351857', '', '', 'Praveen Tyagi', '', 'Roorkee', 4, '', '', ''),
(629, 1, 'Indtecho', '', '8387879705', '', '', 'Gaurav Singh', '', 'Jodhpur', 4, '', '', ''),
(630, 1, 'Abacus Infotech', '', '9898189555/ 840126840', '', '', '', '', 'Mumbai , Bhavnagar', 4, '', '2023-08-24', '2023-08-24'),
(631, 1, 'SRK Innovations', 'Plot No. 110, New Dyneshwar Nagar, Manewada Road, Nagpur-440027', '9765629111/8007178643', '', '', '', '', '', 4, '', '', ''),
(632, 1, 'SECURITY CARE', '', '9893906241', '', '', '', '', 'Raipur, Chhattisgarh', 4, '', '', ''),
(633, 1, 'SKN IOT TECHNOLOGY', '', '824 994 2919', '', '', '', '', 'Bhubaneswar, Khordha, Odisha', 4, '', '', ''),
(634, 1, 'WESTO TELECOM', '', '98970 41580', '', '', '', '', 'Moradabad, Uttar Pradesh', 4, '', '', ''),
(635, 1, 'TECHNO INDIA', '', '9412294008', '', '', '', '', 'Bareilly, Uttar Pradesh', 4, '', '', ''),
(636, 1, 'Omni Sense', '', '9727747931', '', '', 'Dhaval Shah', '', 'Shop No.2, Narayan Apartment, Near Kothi Kachehri, Vadodara-01, Gujrat', 4, '', '', ''),
(637, 1, 'GREENVISION SOLUTIONS', '', '99759 24002', '', '', 'Jitendra Jain', '', 'Pune', 4, '', '', ''),
(638, 1, 'NISHANT SECURITY AND ALLIED SERVICES PVT. LTD.', '', '971 119 0210', '', '', '', '', 'Naraina Delhi', 4, '', '', ''),
(639, 1, 'Coeus Automation (OPC) Pvt. Ltd.', '4/451, 7th South Cross Street, Kapaleeshwarar Nagar, Neelangarai, Chennai-600115', '9840877304', '', '', 'Jaganmohan Somakanthan', '', '', 4, '', '', ''),
(640, 1, 'MBS Technologies', 'Palampur Road, (Opp. Himanchal Gramin Bank), Matour, Kangra-176001, (H.P.)', '9459434237', '', '', 'Munish Gupta', '', '', 4, '', '', ''),
(641, 1, 'AM Security System', 'Khirki Extension, Panchsheel Extension, Malaviya Nagar-110017', '9711145447', '', '', '', '', '', 4, '', '', ''),
(642, 1, 'Firenix', '', '9960692262', '', '', '', '', '', 4, '', '', ''),
(643, 1, 'Gurudeo Marketing Services', '394/A, Gandhi Chowk Road, Vardhaman Bank, Nagpur Maharastra-440001', '9890268088', '', '', '', '', '', 4, '', '', ''),
(644, 1, 'AAA CCTV Security Systems', '', '9943011697', '', '', '', '', '26/38, South Swankara Street, Near Allimal Street, Trichy-620008', 4, '', '', ''),
(645, 1, 'Connect-N', '', '9986341692', '', '', '', '', '', 4, '', '', ''),
(646, 1, 'Allwell Security Systems India', 'Shop no.2, Plot No.75, 76, Pocket-2, Sector-24, Rohini-110085', '9953900970', '', '', 'Vikas ji', '', '', 4, '', '', ''),
(647, 1, 'Ideal Security Solution', '202, Vardhman Seven Eleven Plaza, Sector-7, Naharpur Village, Rohini-110085', '8467096239', '', '', '', '', '', 4, '', '', ''),
(648, 1, 'Brihaspathi Technologies Pvt. Ltd.', '#7-1-621/259, V Floor, Sahithi Arcade, Beside S R Nagar Police Station, S R Nagar, Hyd-500 038.', '9581234499, 9885888835', '', 'info@brihaspathi.com', '', '', '', 4, '', '', ''),
(649, 1, 'K K Biometrics', '', '9426049316', '', 'kkbiometrics@gmail.com', 'Amit Pujara ', '', 'A 2 shashi apartment, Near Anjali cinema, Paldi, Ahmedabad-380007', 4, '', '', ''),
(650, 1, 'Techtastic Technologies', '', '9152145145', '', '', 'Shweta', '', '18, Hilton Center, Plot No.66, Sec-11, Behind Vijay Sales, Navi Mumbai, Thane, MH-400614', 4, '', '', ''),
(651, 1, 'Safeway System', 'PLOT NO 31, Prayosha Park 1, KARDVA ROAD, Dindoli, Surat-394210', '9925867471/ 8000698967', '', '', 'Rajendra Patil', '', 'surat', 4, '', '', ''),
(652, 1, 'Shine Tech Solutions Pvt. Ltd.', 'Rajendra enclave apartment, Exhibition Rd, behind Shashi Complex, Patna, Bihar 800001', '9304477459', '', '', 'Anil Ji', '', 'Patna', 4, '', '', ''),
(653, 1, 'Nidhi Electronics', '', '9300405174', '', 'nandinielectronics@gmail.com', 'Shekhar Solanki', 'Indore', '', 4, '', '', ''),
(654, 1, '3 cop security', '', '9540118322', '', '', '', '', 'Nangloi Delhi-86', 4, '', '', ''),
(655, 1, 'Leo Telecom & CCTV Systems', '', '9869052660', '', '', '', '', 'Mumbai', 4, '', '', ''),
(656, 1, 'RedWoods Automation', 'KMC 23/423M, Opp. Post Office, Kayamkulam, Kerala-690502', '9020602633/44', '', 'redwoodsautomation@gmail.com', '', '', 'Kerala', 4, '', '', ''),
(657, 1, 'Electro Nex Inc.', '61/1601, Kurishupally Road, Perumanoor, Ernakulam, Kerala-682015', '9895455377', '', '', 'Benny Behaan', 'Ernakulam', 'Kerala', 4, '', '', ''),
(658, 1, 'Genesis Moto gates & Automation Co.', '', '9581118855/9985768768', '', '', 'Arvind Kr. Gundaram', 'Hyderabad', '', 4, '', '', ''),
(659, 1, 'Ananta Inc.', '', '9879059009/7940059105', '', '', 'Manish Tripathi', '', 'Ahmadabad', 4, '', '', ''),
(660, 1, 'The Computer Machine', '205, 2nd Floor, Vikas Royal Arcade, DDA commercial complex, Road no.44, Near M2K Cinema, Pitam Pura', '9810317515', '', 'thecomputermachine@gmail.com ', 'Arun Batra', '', '', 4, '', '', ''),
(661, 1, 'Sanchita Enterprises', '', '9828020240', '', '', '', '', 'Jaipur', 4, '', '', ''),
(662, 1, 'Moburban Global Pvt. Ltd.', 'Block-K, Plot No. 408, Mahipalpur, Near IGI Airport, New Delhi-110037', '8448188411/12/13/14/15', '', '', 'Vikash Singh Chauhan', '', '', 4, '', '', ''),
(663, 1, 'Sitaram Technologies', 'RZ-D-2/158, 2nd Floor, Gali No.5, Mahavir Enclave, New Delhi-110045', '9313941149/9650417951', '', '', 'Lalit Bijlani', '', '', 4, '', '', ''),
(664, 1, 'Pioneer Systems', '601, 6th Floor, Skylark Building, Nehru Place, New Delhi-110019', '9310159634', '', 'gupta.manish@pioneersystems.co.in', 'Manish Gupta', '', '', 4, '', '', ''),
(665, 1, 'Ovlox India', 'C-88, Sangwan City, Aligarh', '8126074144', '', '', '', '', '', 4, '', '', ''),
(666, 1, 'R. Maheshwari & Co.', '', '8054004401', '', '', 'Ritesh Maheshwari', '', 'Chandigarh', 4, '', '', ''),
(667, 1, 'Smart I', '', '9223388611', '', '', 'Zoaib N. Shaikh', 'Thane', 'Mumbai', 4, '', '', ''),
(668, 1, 'WOT Digital Services Private Limited', '', '95182 03119', '', '', 'Nitin Ji', '', '', 4, '', '', ''),
(669, 1, 'Allied Protection Assurance Company', '', '9711124973', '', '', '', '', 'Gurgaon', 4, '', '', ''),
(670, 1, 'Safe World Security Solution', '', '9812296582', '', '', 'Dilip Saluja', '', 'Sonipat', 4, '', '', ''),
(671, 1, 'H N Protection Pvt Ltd', '', '9911449905', '', '', 'Divakar Sharma', '', '', 4, '', '', ''),
(672, 1, 'Time Trac Solutions LLP', '', '9560305605, 8800430709', '', '', '', '', '', 4, '', '', ''),
(673, 1, 'Yastu Enterprises LLP', '', '8451007940', '', '', '', '', 'Mumbai', 4, '', '', ''),
(674, 1, 'Ace Controltec System', '', '9901118548', '', '', '', '', 'Bangaluru', 4, '', '', ''),
(675, 1, 'I Guard Solution', '', '9249006900', '', '', '', '', 'kakkanchery, Kerala', 4, '', '', ''),
(676, 1, 'Agarwal Computech', '', '9866840006', '', '', 'Rajkumar Agarwal', '', 'vishakhapatnam', 4, '', '', ''),
(677, 1, 'Uphome Automation', '', '7288888804, 9000000364', '', '', '', '', 'Telangana, Hyd.', 4, '', '', ''),
(678, 1, 'A.R Solution', '', '9256728126', '', '', '', '', 'Ludhiana', 4, '', '', ''),
(679, 1, 'Quantum Security And Automation Solutions', '', '9540210459', '', '', '', '', 'Mahipalpur', 4, '', '', ''),
(680, 1, 'Sterling Security And Solutions', '', '9871622020', '', '', '', '', '', 4, '', '', ''),
(681, 1, 'Marcus Computers Technologies', '', '9910489616', '', '', 'Monika Nair', '', '', 4, '', '', ''),
(682, 1, 'Ved Digital Solution', '', '9472700009', '', 'veddigitals@gmail.com', '', '', 'Dhanbad', 4, '', '', ''),
(683, 1, 'Evenus Security Systems Pvt Ltd', '', '7768812968', '', '', 'Hitesh Bamboli', '', 'Pune', 4, '', '', ''),
(684, 1, 'Vision Security Solutions', '', '8970977286', '', '', '', '', 'Bangalore', 4, '', '', ''),
(685, 1, 'ENTERPRISE AUTOMATIONS & SAFETY EQUIPMENTS', '', '9887175751', '', 'india.ease@gmail.com', 'Sumit Asnani', '', 'Kota', 4, '', '', ''),
(686, 1, 'Smart X Technologies ', 'Noor Complex , Opp Civil Lines Police Station , Gaya, Bihar 823001', '70041 96478', '', 'smartxtech1@gmail.com', 'Imran Mazhari', '', 'Gaya', 4, '', '', ''),
(687, 1, 'KRSNA Enterprises', '', '8148817912', '', '', '', '', 'Chennai', 4, '', '', ''),
(688, 1, 'Sun Security', '', '9991801299', '', 'info@sunsecurity.co.in', '', '', '', 4, '', '', ''),
(689, 1, 'Aar Cee Enterprises', '', '9810405220', '', '', '', '', 'Tughlakabad, Delhi', 4, '', '', ''),
(690, 1, 'BioID Technologies', '', '9535233391', '', 'asish@bioidtechnologies.com', 'Ashish Ji', '', 'Ahmadabad', 4, '', '', ''),
(691, 1, 'Katvision ', '', '9215547480', '', 'arvind.katvision@gmail.com', '', '', 'Rohtak', 4, '', '', ''),
(692, 1, 'I Automation', '', '98419 85414', '', '', '', '', '', 4, '', '', ''),
(693, 1, 'V K Enterprises', '', '9318327931', '', '', 'V P tripathi', '', 'Delhi', 4, '', '', ''),
(694, 1, 'Zettr CK India', 'Kolkata', '8450801122, 7003920740', '', 'milan.adhikari@zettrackindia.com', 'Milan Adhikary', '', '', 4, '', '', ''),
(695, 1, 'Age Security System', '', '9313202062', '', '', '', '', 'Peera Garhi, Delhi', 4, '', '', ''),
(696, 1, 'Nakoda Telecom Pvt Ltd', '', '9828788886', '', '', '', '', 'Udaipur, Rajasthan', 4, '', '', ''),
(697, 1, 'Green Vision Solutions, ', '', '', '', '', 'Jitendra Jain', '', 'Pune', 4, '', '', ''),
(698, 1, 'IPSYS', '', '9177119988', '', 'ipsysnet@gmail.com', 'M Zubair', '', 'Hyderabad', 4, '', '', ''),
(699, 1, 'AADONA COMMUNICATION PVT. LTD.', '', '9560475883', '', 'govind.madhav@aadona.com', 'GOVIND MADHAV', '', 'HYDERABAD', 4, '', '', ''),
(700, 1, 'ONYX COMPONENTS & SYSTEMS PVT. LTD.', '', '9310585827', '', 'smm.n191@onyxindia.com', '', '', 'HYDERABAD', 4, '', '', ''),
(701, 1, 'Hogar Smart Home Solution', '', '8448440789', '', 'info@hogarcontrols.com', 'Sourabh Yadav', '', 'Hyderabad', 4, '', '', ''),
(702, 1, 'SANTHA ELECTRONICS', '', '9704157742', '', 'santhaelectronics@gmail.com', 'DILEEP GADPALE', '', 'HYDERABAD', 4, '', '', ''),
(703, 1, 'TRIKONA TECHNOLOGIES PVT. LTD.', '', '9963935551 +914042624006', '', 'jm@trikonatech.com', 'C. JAGAN MOHAN', '', 'HYDERABAD', 4, '', '', ''),
(704, 1, 'Volty Iot Solution Pvt Ltd', '', '9899996393, 8010645645', '', 'gk@voltyit.com', 'Gaurav Kaushik', '', 'Hyderabad', 4, '', '', ''),
(705, 1, 'OBSERVIAL DIGITAL TECHNOLOGY', '', '9825688005 7940033923', '', 'observialindia@gmail.com', 'UTSAV SHAH', '', 'AHMDABAD', 4, '', '', ''),
(706, 1, 'SHREENATHJI SECURITY SOLUTION', '', '9825168077', '', 'info.shreenathjisec@gmail.com', 'KRUNAL HIRANI', '', 'AHMEDABAD', 4, '', '', ''),
(707, 1, 'SHREERANG TECHNOLOGIES', '', '9898535347', '', 'srtech227@gmail.com', 'BHAVIN PATEL', '', 'AHMEDABAD', 4, '', '', ''),
(708, 1, 'STAR RACKS (RACKZONE ENTERPRISES)', '', '9924226884 7878723001 7878742001 9724171298', '', 'rackzoneent@gmail.com', 'MAHESH BHAI UMESH BHAI', '', 'AHMDABAD', 4, '', '', ''),
(709, 1, 'STC INTEGRATED TECHNOLOGY SOLUTION', '', '9377752229 9375531173', '', 'sai_telecom11@yahoo.co.in', 'KAPIL MISTRY', '', 'AHMEDABAD', 4, '', '', ''),
(710, 1, 'DIGITAL INNOVATIVE SOLUTIONS', '', '9448471495', '', 'pramodcctv123@gmail.com', 'PRAMOD KADAPURE', '', 'HUBLI', 4, '', '', ''),
(711, 1, 'Numax Technology Pvt. Ltd.', '405, Sai Plaza, 187-188, Sant Nagar, East Of Kailash, South delhi-110065', '9818376505, 9319386278, 8448106278', '', '', 'Bhupesh Sharma', '', '', 4, '', '', ''),
(712, 1, 'TERIN TECHNOLOGY', '105, First Floor ,Golden Point, Nana Varachha, Surat', '9376754248', '', 'terintechnology@gmail.com', '', '', '', 4, '', '', ''),
(713, 1, 'Advance automation Engineers', '', '9334078765', '', '', 'Narayan Hisariya', '', 'Patna', 4, '', '', ''),
(714, 1, 'Seven Infotech', '', '9500096878', '', '', 'Rohith Ji', '', 'Chennai', 4, '', '', ''),
(715, 1, 'Startech Computer And Security', '', '8769538822', '', '', 'Niket Ji', '', 'Jaipur', 4, '', '', ''),
(716, 1, 'Xtra Eye', '', '8888884788', '', '', 'Noel', '', 'Goa', 4, '', '', ''),
(717, 1, 'SIDDHIVINAYAK SAFETY & SECURITY SYSTEMS', 'OFFICE NO 10 POPULAR PLAZA, PLOT NO 14/15/16, SECTOR 1/A, Gandhidham, Gandhidham -', '9601721890', '', '', 'Paresh Ji', '', 'Gujrat', 4, '', '', ''),
(718, 1, 'Roman Networks Pvt Ltd', '', '9911117687', '', '', 'Nishant Jain', '', 'Nehru Place', 4, '', '', ''),
(719, 1, 'Star Electronics', '', '9840905008', '', '', 'S P A Guhaan', '', 'Chennai', 4, '', '', ''),
(720, 1, 'Suresh Plastic Printing And Security System Pvt Ltd', '', '9321155395', '', '', 'Suresh Arul', '', 'Mumbai', 4, '', '', ''),
(721, 1, 'QUISS ENTERPRISES', '', '9200132177', '', '', 'Sanjeev', '', 'Bhopal', 4, '', '', ''),
(722, 1, 'Nitiraj Enterprises', '', '9199365975', '', '', 'Sumit Ji', '', 'Patna', 4, '', '', ''),
(723, 1, 'S K Trading Company', '', '9971148291', '', '', 'Satendra Ji', '', '', 4, '', '', ''),
(724, 1, 'Aviation Technology', '', '9540707676, 8527129617', '', '', '', '', 'Gurugram', 4, '', '', ''),
(725, 1, 'Zeus Technologies', '', '9891399608, 7259573760', '', '', '', '', 'Dwarka Sec-23', 4, '', '', ''),
(726, 1, 'Hivision Infotech', '', '9667829369', '', '', 'Kishan Ji', '', '', 4, '', '', ''),
(727, 1, 'ARC SOLUTIONS', '', '9388767770', '', '', 'JASPAL SINGH', '', 'KANPUR', 4, '', '', ''),
(728, 1, 'PERFECT SOLUTIONS', '', '8009600008', '', 'nitin@perfectsolutions.tech', 'NITIN MISHRA ', '', 'KANPUR', 4, '', '', ''),
(729, 1, 'NP DIGITAL INDIA', '', '9907808306 9009394781 7514010278', '', 'npdigitalindiagwl@gmail.com', 'DEEPAK AGRAWAL', 'GWALIOR', '', 4, '', '', ''),
(730, 1, 'Lohia Group', '', '9936294046', '', 'rajiv.shukla@lohiagroup.com', 'RAJIV SHUKLA', '', 'KANPUR', 4, '', '', ''),
(731, 1, 'SAINI TRACKER ENTERPRISES', '', '9305603031 9140213350', '', 'umesh029saini@gmail.com', 'UMESH SAINI', '', 'LUCKNOW', 4, '', '', ''),
(732, 1, 'SAMEER', '', '7006589969', '', 'sameerahmed.alfa@gmail.com', '', '', 'SRINAGAR', 4, '', '', ''),
(733, 1, 'SANDEEP SAXENA', '', '9415002511', '', 'sandeep_sun2001ss@yahoo.co.in', '', '', 'LUCKNOW', 4, '', '', ''),
(734, 1, 'SHYAM MOTORS', '', '9707021707', '', 'smotorsghy@gmail.com', '', '', 'GUWAHATI', 4, '', '', ''),
(735, 1, 'HAPPY WORLD AGENCIES', '', '9796736633, 7051234524', '', 'happyworldagencies@gmail.com', 'SHAHID YOUSUF', '', 'SRINAGAR', 4, '', '', ''),
(736, 1, 'VISTAR ENTERPRISES ', '', '7566446628', '', 'uk_text@rediff.com', 'U.K. BHARDWAJ', '', 'GWALIOR', 4, '', '', ''),
(737, 1, 'SAFRON TECHNOLOGIES', '', '9810342351', '', '', '', '', '', 4, '', '', ''),
(738, 1, 'EYE VISION', '', '9870491376, 9971170989', '', 'eyevision8@gmail.com', 'Rakesh Singh', '', 'Delhi', 4, '', '', ''),
(739, 1, 'Sai Ram Networking', '', '7845130802', '', '', '', '', '', 4, '', '', ''),
(740, 1, 'Just Protex Infotech Pvt Ltd', '', '9802737371', '', 'manoj@justprotex.com', 'Manoj Ji', '', 'Gurgaon', 4, '', '', ''),
(741, 1, 'Security Singh & Automation Co.', '', '9818655975', '', 'info@securitysingh.com', '', '', 'Patel Nagar', 4, '', '', ''),
(742, 1, 'Sai-Tech Communication Pvt. Ltd.', '', '9810012258', '', 'stcpl.007@gmail.com', 'Deepak Mehra', '', 'Ghaziabad', 4, '', '', ''),
(743, 1, 'Expert CCTV Solution', '', '8802468550', '', 'expertcctvsolutions@gmail.com', 'Salman', '', '', 4, '', '', ''),
(744, 1, 'Utech Technology', '', '9891586370, 706556136', '', '', '', '', 'Uttam Nagar, Delhi', 4, '', '', ''),
(745, 1, 'RSV Techno Solutions', '', '8800336281', '', 'rsvtechnosolutions@gmail.com', '', '', '', 4, '', '', ''),
(746, 1, 'Electrica Automation', '', '9741796961', '', 'sales@electricaautomation.in', '', '', 'Bangalore', 4, '', '', ''),
(747, 1, 'Advance Security Systems', '', '8857985939', '', 'advance.secur@gmail.com', 'Arif', '', 'Pune', 4, '', '', ''),
(748, 1, 'Automation Experts(senao International)', '', '9540402600', '', 'sales@senao.in', '', '', 'Janakpuri', 4, '', '', ''),
(749, 1, 'AEI Automation', '', '9255151519', '', 'info@aeiautomation.com', '', '', '', 4, '', '', ''),
(750, 1, 'Mapple Infocom Pvt Ltd.', '', '9818431578', '', 'sales@mappleinfocom.com', 'Abhishek kumar', '', '', 4, '', '', ''),
(751, 1, 'Prominent Digital India', '', '9999420605', '', 'sales@pdisolutions.in', '', '', '', 4, '', '', ''),
(752, 1, 'BLUE CHIP INFOSYS', '', '7275931612, 3565775490', '', 'bluechip2025@gmail.com', 'ANWAR KHAN', '', 'UTTAR PRADESH', 4, '', '', ''),
(753, 1, 'Infolock Automation', '', '8077214882', '', '', 'MAYANK GUPTA', '', 'UTTAR PRADESH', 4, '', '', ''),
(754, 1, 'K L Tech India', 'Sultanpur', '9889561657', '', '', 'MUDIT JAISWAL', '', 'UTTAR PRADESH', 4, '', '', ''),
(755, 1, 'Always Feel Secure', '', '7525010101', '', 'startechnologies20@gmail.com', 'Satyam Yaduvanshi', '', 'UTTAR PRADESH', 4, '', '', ''),
(756, 1, 'PACIFIC TRADES', '', '9308897236 6201091995', '', 'pacifictrades@rediffmail.com', 'KHALID NASIM', '', 'PATNA', 4, '', '', ''),
(757, 1, 'Maa Enterprises', '', '9838201444', '', 'maaentsec@gmail.com', 'SANJAY GUPTA', '', 'GORAKHPUR', 4, '', '', ''),
(758, 1, 'SEVIKS INDIA', '', '8881943888', '', 'seviksindia@gmail.com', '', '', 'UTTAR PRADESH', 4, '', '', ''),
(759, 1, 'Swastik India', '', '9334421724, 9934008362', '', 'sales@swastik-india.com', 'RAJIV SHARMA', '', 'PATNA', 4, '', '', ''),
(760, 1, 'GLOBAL SECURITY SYSTEM CCTV CAMERA', '', '8273421759, 9457812208', '', '', '', '', 'UTTAR PRADESH', 4, '', '', ''),
(761, 1, 'Proxtel ', '', '8014144242', '', 'sales@protexialtech.com', '', 'Faridabad', 'Haryana', 4, '', '', ''),
(762, 1, 'Future Tek India', '', '9348181811', '', '', '', '', 'Hyderabad', 4, '', '', ''),
(763, 1, 'Sejutronics ', '', '9892370027, 9867525095', '', 'sales@sejutronics.com', '', '', 'Mumbai', 4, '', '', ''),
(764, 1, 'Security Kart', '', '011-46656300, 7304446300', '', '', '', '', 'Delhi', 4, '', '', ''),
(765, 1, 'Jain Enterprises', '', '7891012342', '', '', '', '', 'Jaipur', 4, '', '', ''),
(766, 1, 'Mahabir Systems', '', '9435043934', '', '', '', '', 'Guwahati', 4, '', '', ''),
(767, 1, 'Nandini Electronics', '', '9300405174', '', 'nandinielectronics@gmail.com', '', '', 'Indore', 4, '', '', ''),
(768, 1, 'Axes Time Solution', '', '9873575341, 011-27642087', '', 'sales@axestime.com', '', '', 'Sant Ravidas Nagar, Delhi', 4, '', '', ''),
(769, 1, 'Delta IT', '', '8433006318', '', '', 'Shiva', '', 'Gurgaon', 4, '', '', ''),
(770, 1, 'True Time Technology', '', '8076975247', '', '', 'Sandeep Pandey', '', 'Delhi', 4, '', '', ''),
(771, 1, 'Sri Sai Security System', '', '7382768743', '', '', '', '', 'Vishakhapatnam', 4, '', '', ''),
(772, 1, 'Security Shopee', '', '9849124800', '', '', '', '', 'Vishakhapatnam', 4, '', '', ''),
(773, 1, 'Zockthub Pvt Ltd', '', '7207943882', '', '', 'Sudha', '', 'Vishakhapatnam', 4, '', '', ''),
(774, 1, 'Third Eye Security Solutions', '', '9502258128, 8501865825', '', '', 'Sudhakar', '', 'Vishakhapatnam', 4, '', '', ''),
(775, 1, 'Smart Security Services', '', '8210625256', '', '', 'Amarjeet Ji', '', 'Samastipur', 4, '', '', ''),
(776, 1, 'Maxmile Security', '', '8877449958', '', '', 'Anupan Ji', '', '', 4, '', '', ''),
(777, 1, 'SK Technology', '', '9818703955', '', '', 'Arpit JI', '', '', 4, '', '', ''),
(778, 1, 'Swipe Tehnologies', '', '9841688941', '', '', 'P.Balan', '', 'Chennai', 4, '', '', ''),
(779, 1, 'Falcon Systems', '', '9820968071', '', '', 'Bharat Panchal', '', 'Thane', 4, '', '', ''),
(780, 1, 'Safe World Security', '', '9812296582', '', '', 'Dalip Saluja', '', '', 4, '', '', ''),
(781, 1, 'Digital world Infosolution', '', '7004434707', '', '', 'Prabhat JI', '', 'Muzaffarpur', 4, '', '', ''),
(782, 1, 'IDENTIUM TECH SOLUTIONS', 'C41, Ground Floor, Okhla Industrial Area Phase - I, New Delhi, South Delhi, Delhi, 110020', '7011001472', '', '', '', '', '', 4, '', '', ''),
(783, 1, 'HYPERLOOP TECHNOLOGY', 'C-14, 3RD FLOOR, OKHLA INDUSTRIAL AREA, OKHLA PHASE-1, South Delhi, Delhi, 110020', '9891906619', '', '', '', '', '', 4, '', '', ''),
(784, 1, 'SYSTEMS TEK INDIA PVT LTD', 'C-63/4, GROUND FLOOR, OKHLA INDUSTRIAL AREA, PHASE-2, NEW DELHI, South Delhi, Delhi, 110020', '011-35001422', '', '', '', '', '', 4, '', '', ''),
(785, 1, 'Rajika Vision Network Pvt Ltd.', '', '93103 85754', '', '', 'Rajiv Rai', '', '', 4, '', '', ''),
(786, 1, 'Navya Intelligance', '', '7739566142', '', '', 'Manish Ji', '', 'Patna', 4, '', '', ''),
(787, 1, 'SmartX ', '', '70041 96478', '', '', 'Imran Mazhari', '', 'Gaya', 4, '', '', ''),
(788, 1, 'Raima Enterprises', '', '84096 76825', '', '', 'Vikas ji', '', 'Gaya', 4, '', '', ''),
(789, 1, 'Third Eye Solutions', '', '88046 91014', '', '', 'Mukesh Ji', '', 'Gaya', 4, '', '', ''),
(790, 1, 'Click Vision ', '', '77177 36803', '', '', 'Rajnish Ji', '', 'Gaya', 4, '', '', ''),
(791, 1, 'Able Automation', ' ', '9072206030', '', 'automationable@gmail.com', 'Vishnu', '', 'Thrissur', 4, '', '', ''),
(792, 1, 'Marshal Security', '', '89201 82782', '', '', 'Santosh Ji', '', '', 4, '', '', ''),
(793, 1, 'Chennai Infotech Systems', '', '9840101203', '', 'chennaiinfotechsystems@gmail.com', 'Bhasker .V', '', '', 4, '', '', ''),
(794, 1, 'Safe Zone CCTV', '', '82484 26938', '', 'reachsafezone@gmail.com', 'RITIK', '', '', 4, '', '', ''),
(795, 1, 'RF SOLUTIONS', '', '7010637123 whatsapp no. 9962335954', '', 'rajaguru@rfsolutionsindia.com', 'R.C. Rajaguru', '', '', 4, '', '', ''),
(796, 1, 'Sansui e-Weighing ', '', '9790790543', '', '', 'OHAUS', '', '', 4, '', '', ''),
(797, 1, 'TELE - LINK AUTOMATIONS', '', '98410 43387', '', 'telatink28@gmail.com', 'J.Balachandar', '', '', 4, '', '', ''),
(798, 1, 'MEHTA CAD CAM SYSTEMS PVT. LTD', '', '9227985777', '', 'sanjay@mehtaindia.com', 'Sanjay Shah', '', '', 4, '', '', ''),
(799, 1, 'F1 Logics SECURITY &TRACKING INFOTECH', '', '9075720882,', '', 'contact_f1logics2019@yahoo.com', 'Muthu', '', '', 4, '', '', ''),
(800, 1, 'Pixel Technical Solutions', '', '70101 07687', '', 'pixeltechnicalsolutions@gmail.com', 'C.Arun Kumar', '', '', 4, '', '', ''),
(801, 1, 'Uvision', '', '9087552865', '', 'uvisionindia@gmail.com', 'Meeran', '', '', 4, '', '', ''),
(802, 1, 'Fire Suppression Systems', '', '99404 59969', '', 'fss@diamondelectricals.com', 'R . ARAVINDAN', '', '', 4, '', '', ''),
(803, 1, 'Diamond Fire Safety Engineers Pvt, Ltd. ', '', '86376 80941', '', 'security@dfse.in', 'Prween B', '', '', 4, '', '', ''),
(804, 1, 'Hari Technologies', '', '94452 68690', '', 'info@haritechnologies.in', 'V. Rethna Saravanan', '', '', 4, '', '', ''),
(805, 1, 'Ezhil Tech', '', '7010700844', '', 'ezhitteckkkdi@gmail.com', 'M.Palanvelrajan', '', '', 4, '', '', ''),
(806, 1, 'Adventure Secure Solutions', '', '96001 11921', '', 'info@adventuresecure.com', 'T. Saravanan EcE', '', '', 4, '', '', ''),
(807, 1, 'Sree Ram Infotech', '', '9943011642', '', 'sreeraminfotech2000@gmail.com', 'M. SANTHOSH KUMAR', '', '', 4, '', '', ''),
(808, 1, 'Sun Computers and electronics', '', '9443550212', '', 'mahe@suninfosys.org.in', 'Mahendran Shanmugam', '', '', 4, '', '', ''),
(809, 1, 'MEGA LAPTOP & CCTV WORLD', '', '9916138382', '', 'megalaptopworld@gmall.com', 'Mr. Purohit', '', '', 4, '', '', ''),
(810, 1, 'LECTRO POWER INDIA', '', '9790970991', '', 'electropowerindia11@gmail.com', 'KG SENTHIL KUMAR', '', '', 4, '', '', ''),
(811, 1, 'Green Nine', '', '9600200533', '', 'raghu@greennine.in', 'Raghu M', '', '', 4, '', '', ''),
(812, 1, 'Azad Home Care', '', '9626441122', '', '', 'Naseema', '', '', 4, '', '', ''),
(813, 1, 'Siva Kishora Parimisatty', '', '9048079342', '', 'shivakishore@digitalroof4.com', 'Siva Kishora Parimisatty', '', '', 4, '', '', ''),
(814, 1, '6 Fadey Ossip', '', '9895025143', '', 'faddeyosip@gmail.com', 'Rahul K T', '', 'Kerala', 4, '', '', ''),
(815, 1, 'Online Safety and Security System', '', '9003872150', '', 'jasssystem@gmail.com', 'M.Prem Anand', '', '', 4, '', '', ''),
(816, 1, 'SecurePro Security Solutions', '', '9744071717', '', 'mublnwhiteframe@gmall.com', 'Mubin Rahman', '', '', 4, '', '', ''),
(817, 1, 'Fireboy', '', '98044 66861', '', 'sales@fireboy.in', 'Fireboy', '', '', 4, '', '', ''),
(818, 1, 'Ignite Academi', '', '95002 56036', '', 'igniteacademi@gmail.com', 'J. Menaka Devi', '', '', 4, '', '', ''),
(819, 1, 'T-Mac Solution', '', '9500111266', '', 't.macsolutionchn@gmail.com', 'M. Kalaiarasan', '', '', 4, '', '', ''),
(820, 1, 'Nivano Digital Technologies', '', '9388123500', '', 'sales@nivano.in', 'ANSAR NK', '', 'kozhikode', 4, '', '', ''),
(821, 1, 'SSS Private Limited', '', '9677725757', '', 'supertroniccbe@gmail.com', 'VIAYARAGAVAN.J', '', '', 4, '', '', ''),
(822, 1, 'VS Computers', '', '98432 52999', '', 'vscomputers06@gmail.com', 'M.Somasundaram', '', '', 4, '', '', ''),
(823, 1, 'Enfimation Security Systems', '', '80123 92584', '', '', 'Enfimation Security Systems', '', '', 4, '', '', ''),
(824, 1, 'Fabulouzz Technologies', '', '9061237333', '', 'info@fubulouzz.in', 'Fabulouzz Technologies', '', 'Palakkad, Kerala', 4, '', '', ''),
(825, 1, 'Static Eye Control Systems', '', '9941052221', '', 'ratheesh@staticeye.in', 'K. Ratheesh Kumar', '', '', 4, '', '', ''),
(826, 1, 'SPARKLINE CONSULTANCY PRIVATE LTD', '', '7305027451', '', 'sathya.gopir@gmail.com', 'R.SATHYAGOPI', '', '', 4, '', '', ''),
(827, 1, 'Star Technologies', '', '22635864', '', 'support@startechnologies.co.in', 'Star Technologies', '', '', 4, '', '', ''),
(828, 1, 'Fright Riders Logistics India Pvt Ltd', '', '4442123560', '', 'info@freight-riders.com', 'Fright Riders Logistics India Pvt Ltd', '', '', 4, '', '', ''),
(829, 1, 'Taviva Shop', '', '9600655622', '', '', 'TavivaShop', '', '', 4, '', '', ''),
(830, 1, 'RGK INDUSTRIAL SAFETY', '', '99403 033397', '', 'sales@rgksafety.com', 'Gopalkrishnan Ramar', '', '', 4, '', '', ''),
(831, 1, 'S.R Communications', '', '9894471021', '', 'Stcommunication.pdy@gmail.com', 'S.Rajesh', '', '', 4, '', '', ''),
(832, 1, 'Best Enterprises', '', '9790585519', '', 'bestcenter2016@gmail.com', 'E.Ashok Kumar', '', '', 4, '', '', ''),
(833, 1, 'Sritech Security Systems', '', '87544 70904', '', 'sritecn.sales2015@gmal.com', 'Yagavan (a) S.V. Krishnamoorthy', '', '', 4, '', '', ''),
(834, 1, 'CSS Corp Pvt Ltd', '', '9840068836', '', 'ramesh.e@csscorp.com', 'Ramesh Eswaran', '', '', 4, '', '', ''),
(835, 1, 'NewAge', '', '94444 10619', '', 'info@newage-india.in', 'A Vijay', '', 'Chennai', 4, '', '', ''),
(836, 1, 'L&T Constructions', '', '9940125524', '', 'manikumar@intecc.com', 'PenugondaV VNM Kumar', '', '', 4, '', '', '');
INSERT INTO `client` (`Client_Id`, `Active`, `Name`, `Address`, `Mobile`, `Landline`, `Email`, `Contact_Person`, `City`, `State`, `Category`, `GST`, `Last_Active_Date`, `Last_Deactive_Date`) VALUES
(837, 1, 'C-Link', '', '7200429260', '', 'ram@c-linkconnect.com', 'P.Ramesh', '', 'Chennai', 4, '', '', ''),
(838, 1, 'MILLENNIUAA ELECTRONIC SOLUTIONS', '', '9590333355', '', 'info@millenniumelectronics.co.in', 'Raghavendra M', '', '', 4, '', '', ''),
(839, 1, 'ROSHAN V.THOMAS', '', '8122098377', '', 'info@drasisautomation.com', 'ROSHAN V.THOMAS', '', '', 4, '', '', ''),
(840, 1, 'OUJIN Technologies', '', '9884640840', '', '', 'S.Ravivarma', '', '', 4, '', '', ''),
(841, 1, 'HOME AUTOMATION & BUILDING AUTOMATION', '', '7004877208', '', '', 'TAMILARASAN M', '', '', 4, '', '', ''),
(842, 1, 'GSMSOFT', '', '86809 03311', '', 'mail@gsmsoft.com', 'TM Himachalan', '', '', 4, '', '', ''),
(843, 1, 'MIRRA SOLUTION', '', '9047054063', '', 'Wivenkatesan@mirrasolution.com', 'S.Venkatesan', '', '', 4, '', '', ''),
(844, 1, 'Priya Enterprises', '', '7667780999', '', '', 'P. Uma Shankar', '', '', 4, '', '', ''),
(845, 1, 'TEAM PINK Technologies and Systems', '', '9566689691', '', 'salesteampink@gmail.com', 'S.Vivek', '', '', 4, '', '', ''),
(846, 1, 'Shri Aura Technologies', '', '90032 75271', '', 'annamalai@shriaura.com', 'R.Annamalai', '', '', 4, '', '', ''),
(847, 1, 'Shree Ram Engineering Works', '', '9443127919', '', 'rockram2021@gmail.com', 'R.Janardhanan', '', '', 4, '', '', ''),
(848, 1, 'Sam Automations', '', '9865806804', '', 'samautomations@hotmail.com', 'L Anandakumar', '', '', 4, '', '', ''),
(849, 1, 'Harita Technologies', '', '8885672299', '', 'naveen@harithatech.com', 'Naveen M', '', '', 4, '', '', ''),
(850, 1, 'RJ Traders', '', '9535171671', '', 'rjtraders.crode@gmail.com', 'A.N Rajagopalan', '', '', 4, '', '', ''),
(851, 1, 'Fuji Electric', '', '8675777700', '', 'nishanth.su@fujielectric.com', 'Nisanth SU', '', '', 4, '', '', ''),
(852, 1, 'AZ', '', '8888028723', '', '', 'AV Subbareddy', '', '', 4, '', '', ''),
(853, 1, 'ISS SDB Security Services Pvt Ltd', '', '8928001826', '', '', 'SJ Vijay Kumar', '', '', 4, '', '', ''),
(854, 1, 'Veda Distribution Pvt. Ltd.,', '', '9248451889, 9963833375', '', 'info@vedadistribution.com', 'Naga Krishna Kishore P', '', '', 4, '', '', ''),
(855, 1, 'TECNOCAM Surveillance and Automations', '', '98424 42636', '', 'tecnocamtry@gmail.com', 'G. ABINANDHAN', '', '', 4, '', '', ''),
(856, 1, 'Secuvision Network', '', '9840224557', '', 'pauils2k@yahoo.com.sg', 'PaulAntony', '', '', 4, '', '', ''),
(857, 1, 'Enfimation Security system', '', '8190811774', '', 'enfimation@gmail.com', 'Enfimation Security system', '', '', 4, '', '', ''),
(858, 1, 'EForce SECURITY ELECTRONICS', '', '9282444555', '', '', 'T. SRIDARAN', '', '', 4, '', '', ''),
(859, 1, 'STONE BRIDGE', '', '9551085336', '', 'ramya@stonebridgebrometne.com', 'R.Ramya', '', '', 4, '', '', ''),
(860, 1, 'GDA Security Private Ltd', '', '9311042007', '', 'gdasecuritych@globedetective.com', 'Sachit Kumar', '', ' ', 4, '', '', ''),
(861, 1, 'Rmax Internet Service Provider', '', '9443690720', '', 'vasanth@rmax.in', 'Vasanth Thiruvengadam', '', '', 4, '', '', ''),
(862, 1, 'PACE SAFETY SOLUTIONS', '', '9283257826', '', 'Pacesafety@gmail.com', 'R. MAGESH', '', '', 4, '', '', ''),
(863, 1, 'Spyking Infotech', '', '8122244553', '', '', 'A.Mohan', '', '', 4, '', '', ''),
(864, 1, 'Syrms SGS', '', '044-71728600', '', '', 'Karthick V', '', '', 4, '', '', ''),
(865, 1, 'Vortex Fire Safety & SecuritySystems', '', '9790518413, 9655573388-whatsapp no.', '', 'info@securityvortex.com', 'Raja.K', '', '', 4, '', '', ''),
(866, 1, 'Ara Softwares', '', '9843535607', '', 'thiru@arasoftware.com', 'Thirulogachandar', '', '', 4, '', '', ''),
(867, 1, 'Ambika Electronics', '', '7067227150', '', '', 'Santosh Sachdev', '', '', 4, '', '', ''),
(868, 1, 'C.Ravindra Reddy', '', '4419990636', '', '', 'C.Ravindra Reddy', '', '', 4, '', '', ''),
(869, 1, 'GLOBE DETECTIVE AGENCY (P) LTD.', '', '98403 91910', '', 'chennai@globedetective.com', 'R.Amarnath', '', '', 4, '', '', ''),
(870, 1, 'Secure Tech', '', '9092047571', '', 'securetech@gmail.com', 'S.Bharanidharan', '', '', 4, '', '', ''),
(871, 1, 'Selvaa Safety', '', '96552 06747', '', 'selvaasafety@gmail.com', 'R.Seilva', '', '', 4, '', '', ''),
(872, 1, 'Loki', '', '9566459333', '', 'suresh@loki.co.in', 'Suresh Kumar', '', '', 4, '', '', ''),
(873, 1, 'Seguro Security Systems', '', '8075116501', '', 'sagurompmt@gmali.com', 'SHAHID', '', '', 4, '', '', ''),
(874, 1, 'TIYATEL COMMUNICATIONS PRIVATE LIMITED', '', '9177702022', '', 'vamsimohan@tiyatel.com', 'Y Vamsi Mohan', '', '', 4, '', '', ''),
(875, 1, 'AR Enterprises', '', '9715977740', '', 'arenterprises16@gmail.com', 'Er. Tamilpriyan A', '', '', 4, '', '', ''),
(876, 1, 'Safe & Care Solutions', '', '9677776097', '', 'safeandcaresoltuion@gmail.com', 'D.Parimal Raj', '', '', 4, '', '', ''),
(877, 1, 'Best Computers', '', '9447 631 497', '', '', 'Arshaf.M', '', '', 4, '', '', ''),
(878, 1, 'Primo Safety Solutions', '', '94434 95205, whatsapp No.-9894695205', '', 'primoo@rediffmail.com', 'Ramesh .K', '', '', 4, '', '', ''),
(879, 1, 'Sm Soft Computers', '', '9447004343', '', 'info@smsoft.co.in', 'Saheer P.M', '', '', 4, '', '', ''),
(880, 1, 'Annai Security Systems', '', '9786684388', '', '', 'S.Sankar', '', '', 4, '', '', ''),
(881, 1, 'Kaneni Soft Tech', '', '90803 73007', '', 'koneni@gmail.com', 'R.Kannan', '', '', 4, '', '', ''),
(882, 1, 'GTech Solutions', '', '95855 91198', '', 'gtechsolutionten@gmail.com', 'Vagal SELVAN. e', '', '', 4, '', '', ''),
(883, 1, 'Shine Infotech', '', '9092031647, 9789392483', '', 'shineinfotech.net@yahoo.com', 'Ram Prasath', '', '', 4, '', '', ''),
(884, 1, 'WOT Digital', '', '95182 03119', '', '', 'Nitin Ji', '', '', 4, '', '', ''),
(885, 1, 'Vaishnavi Time Solution', '', '98185 36810', '', '', 'Manish Ji', '', 'Delhi', 4, '', '', ''),
(886, 1, 'Lotus Technologies', '', '8909018272', '', '', 'Arif Siddiqui', '', 'Aligarh', 4, '', '', ''),
(887, 1, 'Aspirez Technologies', '', '9810389520', '', 'aspireztechnologies@gmail.com', '', '', 'Uttam Nagar, delhi', 4, '', '', ''),
(888, 1, 'Daccess Security Systems Pvt. Ltd.', '', '9370299634', '', '', 'Dhananjay Sonawane', '', '', 4, '', '', ''),
(889, 1, 'ATSS', '40, Muthu Mariamman Koil Street, Vallalar Colony, Anna Nagar, Tamilnadu-600040', '9840846666', '', 'info@atss.in', '', '', '', 4, '', '', ''),
(890, 1, 'Neptune Automatic Pvt. Ltd.', 'A-11, Sector 59, Noida-201301', '9555500300', '', '', '', '', '', 4, '', '', ''),
(891, 1, 'SST Services', 'Kashimal #29, 3rd Floor, V.P. Road, Madiwala, Bangalore-560068', '8884055887', '', '', 'Thamotharan S', '', '', 4, '', '', ''),
(892, 1, 'I Care Sysyems', '', '9990630069', '', 'icare.systems001@gmail.com', 'Samson Marandi', '', '', 4, '', '', ''),
(893, 1, 'Expert CCTV', '', '8802468550', '', '', 'Salman', '', 'Delhi', 4, '', '', ''),
(894, 1, 'Safkon Technologies Pvt Ltd', '', '9818000366', '', '', 'Vikram Ji', '', '', 4, '', '', ''),
(895, 1, 'Vision Tech Communication', '', '9818346141', '', '', '', '', 'Delhi', 4, '', '', ''),
(896, 1, 'R Maheshwari & Co.', '', '7529075290', '', '', '', '', '', 4, '', '', ''),
(897, 1, 'Dragon Security', '', '9812055512', '', '', '', '', 'Karnal', 4, '', '', ''),
(898, 1, 'Technohead', 'Nehru place', '9312286189', '', 'jitendra@technohead.in', '', '', '', 4, '', '', ''),
(899, 1, 'Xegis Techsolutions Pvt Ltd', 'Ghaziabad', '9871338909', '', '', 'Kamran Khan', '', '', 4, '', '', ''),
(900, 1, 'Perfect Solutuions', 'Muzaffarnagar', '9368230511', '', '', '', '', '', 4, '', '', ''),
(901, 1, 'Intent Computer Solutions', '', '9430270118', '', '', '', '', '', 4, '', '', ''),
(902, 1, 'Power Security', 'Imphal', '9612555159', '', 'atan@powersecurity.co.in', 'Atan Pamei', '', 'Manipur', 4, '', '', ''),
(903, 1, 'Saraskamal Agency', 'Patna', '9308410646', '', '', '', '', '', 4, '', '', ''),
(904, 1, 'Vasp Infotech', 'kolkata', '033-40659045', '', 'info@vaspinfotech.com', '', '', '', 4, '', '', ''),
(905, 1, 'Unique Solution', 'Siliguri', '9832513963', '', '', 'Arup Das', '', '', 4, '', '', ''),
(906, 1, 'Trisul Electrovision', 'Bhubaneswar', '9776611111', '', '', 'Ajit Agarwal', '', '', 4, '', '', ''),
(907, 1, 'Hasti Computers', '', '0731-4092855', '', 'info@hasticomputers.com', '', 'Indore', '', 4, '', '', ''),
(908, 1, 'Secret Vision (Agarwal Computech)', 'Vishakhapatnam', '9866840006', '', 'agarwal.computech@gmail.com', '', '', '', 4, '', '', ''),
(909, 1, 'JMS Inc', 'Bangalore', '9986033311', '', '', '', '', '', 4, '', '', ''),
(910, 1, 'Cyberance Infovision Pvt Ltd', 'Dwarka', '9560399911', '', '', '', '', '', 4, '', '', ''),
(911, 1, 'Thumbmatic Solutions Pvt Ltd', 'Okhla Phase 2', '', '', '', '', '', '', 4, '', '', ''),
(912, 1, 'Soft Trek Technologies', 'Kota', '8769985639', '', '', 'Abhishek Ji', '', '', 4, '', '', ''),
(913, 1, 'versionex', '', '8271384474', '', '', 'Rahul ', '', '', 4, '', '', ''),
(914, 1, 'Digitals India Security Products Pvt. Ltd.', '', '9212787332', '', 'info@digitalsindia.com', '', '', 'Noida', 4, '', '', ''),
(915, 1, 'AR Solutions', '', '7503143575, 8851490807', '', '', '', '', 'Tri Nagar, Delhi', 4, '', '', ''),
(916, 1, 'Pari Enterprises', '', '9654986014, 9289465470', '', 'pari08826@gmail.com', 'Rajesh Kumar', '', 'Shakarpur', 4, '', '', ''),
(917, 1, 'Timetech Services', '', '9868347107, 9310347107', '', 'timetechservices@sify.com', '', '', '', 4, '', '', ''),
(918, 1, 'Maa Shitla Enterprises', '', '9990400795', '', 'arya531193@gmail.com', 'Sujit Kumar', '', 'Delhi', 4, '', '', ''),
(919, 1, 'Ashoka Security Devices', '', '9810230780', '', '', '', '', '', 4, '', '', ''),
(920, 1, 'Secqua Security Projects', '', '8178184844', '', 'info@secqua.in', '', '', 'Ghaziabad', 4, '', '', ''),
(921, 1, 'Nitin Systems and Securities ', '', '9926281115', '', '', 'Anjali', '', 'Indore', 4, '', '', ''),
(922, 1, 'Golden Solution', '', '9617944446', '', '', '', '', 'Indore', 4, '', '', ''),
(923, 1, 'Century System & Security Solution', '', '9827085896', '', 'info@cssspl.com', 'Ismail Dharwala', '', 'Indore', 4, '', '', ''),
(924, 1, 'Khetan Security System', '', '9826902345', '', 'gaurav@khetansecuritysystem.com', 'Gaurav Khetan', '', 'Indore', 4, '', '', ''),
(925, 1, 'IT Magic', '', '8042781335', '', 'itmagic.udr@gmail.com', '', '', 'Udaipur', 4, '', '', ''),
(926, 1, 'Angle Integrated Security Solutions Pvt Ltd', '', '8511190969', '', 'info@angleisspl.com', '', '', 'Ahmedabad', 4, '', '', ''),
(927, 1, 'Alwar Computer/KAS Infotech Pvt Ltd', '', '8058122233', '', '', '', '', 'Alwar', 4, '', '', ''),
(928, 1, 'Bio Solutions', '', '7971376065', '', '', '', '', 'Hyderabad', 4, '', '', ''),
(929, 1, 'Unisecure Systems', '', '9819848856', '', 'feroze.khan@unisecure.in', 'Feroze N Khan', '', 'Mumbai', 4, '', '', ''),
(930, 1, 'J T Security Systems And Integrations Pvt Ltd', '', '9313457506', '', 'sales@totalsecurityind.com', 'Tejinder Singh', '', 'Noida', 4, '', '', ''),
(931, 1, 'Digital Arrow', '', '7290893925', '', 'info@digitalarrow.in', '', '', 'Noida', 4, '', '', ''),
(932, 1, 'Drishti Electronics Secutity Systems Pvt Ltd', '', '9250019845', '', 'dristhiele@yahoo.co.in', '', '', 'Noida', 4, '', '', ''),
(933, 1, 'Tech Soft Security Systems', '', '9448761250', '', '', 'Rahul Shinde', '', 'Noida', 4, '', '', ''),
(934, 1, 'Recon Security And Network Solutions', '', '9717015140', '', '', '', '', 'Gurgaon', 4, '', '', ''),
(935, 1, 'I Secure I', '', '8750885532', '', 'info@isecurei.com', '', '', 'Delhi', 4, '', '', ''),
(936, 1, 'E-Sync Security Solutions', 'No.60/5, Bharathi Nagar, Race Course Rd, Guindy, Chennai-600032', '8682826272', '', 'info@esyncsecurity.com', '', '', 'Chennai', 4, '', '', ''),
(938, 1, 'Z Plus Security Systems', '', '9173989944, 8460185557', '', '', 'Mr. Zyauddin', 'surat', '', 4, '', '', ''),
(939, 1, 'ED Systems', '1st floor, Kiran House, Opp. Mahatma Gandhi Museum, Jawahr Road, Rajkot-360001', '9825288098', '', 'darshan@edsystemsindia.com', 'Darshan Mehta', 'RAJKOT', ' GUJARAT', 4, '', '', ''),
(940, 1, 'Akanksha IT Solutions', '', '9748322723', '', 'akankshaitsolutions@gmail.com', 'Pradeep Kr. Pandey', '', '', 4, '', '', ''),
(941, 1, 'BMP Softech Pvt. Ltd.', '1st floor, okhla industrial area Phase-1, New Delhi-110020', '8800553686', '', 'operations@bmpsoftech.com', '', '', '', 4, '', '', ''),
(942, 1, 'Angel Security & Fire Technologies', 'LB15-A/4, Ansal Bhawan, KG Marg, Connaught Place, New Delhi-110001', '8037402082', '', '', 'Anil Kumar', '', '', 4, '', '', ''),
(943, 1, 'Nexatech Technica', '2115, 1st Crossing, Khazane walo ka Rasta, Chandpole Bazar, Jaipur-302001', '9314098141', '', '', '', '', '', 4, '', '', ''),
(944, 1, 'NJ Technologies', '', '9958337465', '', 'jitendra@njtechnologies.co.in', 'Jitendra Thakur', '', 'Kalkaji, New Delhi', 4, '', '', ''),
(945, 1, 'Atronic Systems Pvt Ltd', 'C-26, Sec-108, Noida-201304', '9871372709', '', '', '', '', 'Noida', 4, '', '', ''),
(946, 1, 'Alliance Key Solutions Pvt. Ltd.', 'H.No.23A/4A, Tilak Nagar, New Delhi-110018', '9911882178', '', '', '', '', '', 4, '', '', ''),
(947, 1, 'Krishna Control Systems', 'H.No.384, G. Floor, Pochanpur, Sector-23, Dwarka, New Delhi', '9810058327', '', '', '', '', '', 4, '', '', ''),
(948, 1, 'Spy Systems', '', '9899644608', '', '', '', '', '', 4, '', '', ''),
(949, 1, 'Ikon Security & Automation', '', '9899519785', '', '', '', '', 'Gurugram', 4, '', '', ''),
(950, 1, 'Mapal Solutions', '', '9582293303', '', 'mapalgroup82@gmail.com', '', '', 'Faridabad', 4, '', '', ''),
(951, 1, 'Star Tech', 'F-7 & F-8, Ram Path, Shyam Nagar Extension, Near Metro Pillar No.96, Jaipur-302019', '9887736664', '', '', '', '', 'Jaipur', 4, '', '', ''),
(953, 1, 'VMS Enterprises', '', '9911553968', '', '', 'Amit Tyagi', '', 'Noida', 4, '', '', ''),
(954, 1, 'SKN Technology', '', '8249942919', '', '', 'Shitikantha Nayak', '', 'Odisha', 4, '', '', ''),
(955, 1, 'Smart I Technologies', '', '9040434671', '', '', '', '', 'Odisha', 4, '', '', ''),
(956, 1, 'Biometric Smart Xs', '', '9937037111', '', '', '', '', 'Balasore', 4, '', '', ''),
(957, 1, 'SR Tech Automation', '', '9831134311', '', '', '', '', 'Kolkata', 4, '', '', ''),
(958, 1, 'Ayush Infotech', '', '9928953093', '', '', '', '', 'Jaipur', 4, '', '', ''),
(959, 1, 'Srag India Info Solutions', '', '8045800382', '', '', 'Rahul Gahlot', '', 'Jaipur', 4, '', '', ''),
(960, 1, 'Crox Lifestyle Systems', '', '9820012210', '', '', '', '', 'Mumbai', 4, '', '', ''),
(961, 1, 'HP Technologies', '', '9833972485', '', '', 'Hardik Patel', '', 'Mumbai', 4, '', '', ''),
(962, 1, 'Techno Circuits India', '', '7083783263', '', '', '', '', 'Pune', 4, '', '', ''),
(963, 1, 'HS Infotech', '', '8459508224', '', '', 'Hardendra Singh', '', 'Badarpur', 4, '', '', ''),
(964, 1, 'Maya Digital Inc', '', '8010005257', '', '', '', '', 'Rohini', 4, '', '', ''),
(965, 1, '3rd Eye Solutions', '', '9814455400', '', '', ' ', '', 'Amritsar', 4, '', '', ''),
(966, 1, 'Lanar & Shreesar', '', '9829217551', '', '', '', '', 'Bikaner', 4, '', '', ''),
(967, 1, 'Desire Enterprises', '', '9540314482', '', '', '', '', 'Kanpur', 4, '', '', ''),
(968, 1, 'Electrowaves Security Solutions', '', '7240355513', '', '', ' whatsapp- 9783836373', '', 'Jodhpur', 4, '', '', ''),
(969, 1, 'Time Tech Services', '', '9868347107', '', '', '', '', 'Ghaziabad', 4, '', '', ''),
(970, 1, 'Yash Automation', '', '9891252627', '', '', 'Anuj Tyagi', '', 'Ghaziabad', 4, '', '', ''),
(971, 1, 'Infowell Automation', '', '9825071709', '', '', 'Samir Saiyad', '', 'Ahmedabad', 4, '', '', ''),
(972, 1, 'SaiTech Solution & Services', '', '9673635544', '', '', '', '', 'Mumbai', 4, '', '', ''),
(973, 1, 'Infocom Systems', '', '9422248531', '', '', '', '', '', 4, '', '', ''),
(974, 1, 'Aditri Infotech', '', '9555648774', '', '', '', '', 'Nehru Place', 4, '', '', ''),
(975, 1, 'Tcon International', '', '9582086222, 8376814094', '', '', '', '', 'Nehru Place', 4, '', '', ''),
(976, 1, 'TECHNOHEAD SECURITY IT & TELECOM PROJECTS LLP', '', '9312286189', '', '', '', '', 'Nehru Place', 4, '', '', ''),
(977, 1, 'VBRON TECHNOLOGIES PRIVATE LIMITED', '107, MANSAROVER BUILDING, 90, NEHRU PLACE, South Delhi, Delhi, 110019', '8527577112', '', '', '', '', 'Nehru Place', 4, '', '', ''),
(978, 1, 'ROMAN NETWORKS', '', '9911117687', '', '', '', '', 'Nehru Place', 4, '', '', ''),
(979, 1, 'Smart Eye Security Systems', '', '8800526123', '', '', '', '', 'Nehru Place', 4, '', '', ''),
(980, 1, 'NETRA INFOTECH', '', '9871299498', '', '', '', '', 'Nehru Place', 4, '', '', ''),
(981, 1, 'PADAMSHREE INFOTECH', '', '8920410920', '', '', '', '', 'Nehru Place', 4, '', '', ''),
(982, 1, 'Digital Security Solutions', '', '9999605550', '', '', 'Satyanand', '', 'Vikas Marg Shakarpur', 4, '', '', ''),
(983, 1, 'SJ Solutions', '', '9654795550', '', '', '', '', 'Sangam Vihar', 4, '', '', ''),
(984, 1, 'Adinath Sales', '', '9822023262', '', '', 'S.Z. Chudiwal', '', 'Aurangabad (MS)', 4, '', '', ''),
(985, 1, 'Gagan Enterprises', '', '9935630599', '', '', '', '', 'kanpur', 4, '', '', ''),
(986, 1, 'ECO Track Systems', '', '9999727213', '', '', '', '', 'Mayur Vihar Extn. 110091', 4, '', '', ''),
(987, 1, 'Ritech Computers', '', '9873725533', '', '', 'Amit Chachra', '', 'Nehru Place', 4, '', '', ''),
(988, 1, 'Tripleplay Broadband Pvt. Ltd.', '', '9308080808', '', '', '', '', 'Galleria Market, Gurgaon', 4, '', '', ''),
(989, 1, 'Interactive Data Systems Ltd.', '', '040-48517777', '', '', '', '', 'Hyderabad', 4, '', '', ''),
(990, 1, 'Infowan Technologies Pvt Ltd', '', '9820197205', '', '', '', '', 'Mumbai', 4, '', '', ''),
(991, 1, 'Orasis Infotech Pvt. Ltd.', '', '7065442310', '', '', '', '', 'sec-63, Noida', 4, '', '', ''),
(992, 1, 'Corporate Telesystems Pvt Ltd', '', '011-47282828', '', '', '', '', 'okhla ind. Area Phase-2', 4, '', '', ''),
(993, 1, 'Aeon Infotech Pvt. Ltd.', '', '022-28478888', '', '', '', '', 'Mumbai', 4, '', '', ''),
(994, 1, 'Schnell Infosystem Pvt Ltd', '', '8999352066', '', '', '', '', 'Mumbai', 4, '', '', ''),
(995, 1, 'Simoco Telecommunications (South Asia) Ltd.', '', '033-40049900', '', '', '', '', 'Kolkata', 4, '', '', ''),
(996, 1, 'SKSM Retail Pvt. Ltd.', '', '9910265511', '', '', '', '', 'karol bagh-New Delhi', 4, '', '', ''),
(997, 1, 'View Tech Securities', '', '8128403326', '', '', '', '', 'Mumbai/Ahmedabad/Delhi', 4, '', '', ''),
(998, 1, 'Best Connection World', '', '9112235532', '', '', '', '', 'Nagpur', 4, '', '', ''),
(999, 1, 'Ratnadeep Enterprises', '', '8149131924', '', '', '', '', 'Pune', 4, '', '', ''),
(1000, 1, 'GuardForce Security Solutions Pvt Ltd', '', '7709003148', '', '', '', '', 'Pune', 4, '', '', ''),
(1001, 1, 'Feecom', '', '9868212802', '', '', '', '', 'Shakarpur, New Delhi', 4, '', '', ''),
(1002, 1, 'RJ Technology and Consultancy Services', '', '8004006353', '', '', '', '', 'Lucknow', 4, '', '', ''),
(1003, 1, 'Aviwell Technology', '', '9216126661', '', '', '', '', 'Mohali', 4, '', '', ''),
(1004, 1, 'Param Security Solutions', '', '9898495787', '', '', '', '', '', 4, '', '', ''),
(1005, 1, 'Sandeep Enterprises', '', '9355327274', '', '', '', '', 'Yamunanagar, Haryana', 4, '', '', ''),
(1006, 1, 'IRIS Fire & Security', '', '9996444222', '', '', '', '', '', 4, '', '', ''),
(1007, 1, 'Pixel Infosolutions & Tehnologies Pvt Ltd', '', '9873245111', '', '', '', '', 'Wazirpur, New Delhi', 4, '', '', ''),
(1008, 1, 'Xecta Infosys Pvt Ltd', '', '9911100056', '', '', 'Madan Ji', '', 'Faridabad', 4, '', '', ''),
(1009, 1, 'VSS Salesco.', '', '9990696111', '', '', 'Sanjeev Handa', '', 'Faridabad', 4, '', '', ''),
(1010, 1, 'Advance Security Solutions', '', '8800658855', '', '', 'Surinder Kamboj', '', 'Faridabad', 4, '', '', ''),
(1011, 1, 'MAPAL SECURITY SOLUTIONS', '', '95822 93303', '', '', '', '', 'Faridabad', 4, '', '', ''),
(1012, 1, 'Honey Security Solutions', '', '7409874098', '', '', 'Hashim', '', 'Pilibhit', 4, '', '', ''),
(1013, 1, 'Perfect Security Systems', '', '9811077161', '', '', '', '', 'Faridabad', 4, '', '', ''),
(1014, 1, 'J S Securitech & Electronics', '', '9873039974', '', '', 'Sahil Arora', '', 'Faridabad', 4, '', '', ''),
(1015, 1, 'Omnitech', '', '7838684003', '', '', 'Vikram Singh', '', 'Faridabad', 4, '', '', ''),
(1016, 1, 'Safe World Security System', '', '9988010671', '', '', 'Jatinder Behal', '', 'Mohali', 4, '', '', ''),
(1017, 1, 'Infinity IT & Security Solutions', '', '9717868317', '', '', '', '', 'Gurgaon', 4, '', '', ''),
(1018, 1, 'Multibrand Security Solution', '', '9582900980', '', '', '', '', '', 4, '', '', ''),
(1019, 1, 'Pentagon Technologies', '', '7379611111, 9415005675', '', '', '', '', 'Lucknow', 4, '', '', ''),
(1020, 1, 'Rainbow Security System', '', '9930811151', '', '', 'Jayantibhai', '', 'Surat', 4, '', '', ''),
(1021, 1, 'StarAxiom Electronics Pvt Ltd', '', '9873936619', '', '', '', '', 'Laxmi Nagar', 4, '', '', ''),
(1022, 1, 'Digital Sanrakshan', '', '9171894718', '', '', '', '', 'Noida', 4, '', '', ''),
(1023, 1, 'Creadent Solutions', '', '9414320046', '', '', 'Manish ', '', 'Jodhpur', 4, '', '', ''),
(1024, 1, 'Eternity Infotech', '', '9743558020', '', '', '', '', 'Bangalore', 4, '', '', ''),
(1025, 1, 'Smartech Infosystems', '', '9961352888', '', '', '', '', 'Kochi', 4, '', '', ''),
(1026, 1, 'VisionMax Technologies', '', '9847188886', '', '', 'Aby Mathew', '', 'Thiruvalla', 4, '', '', ''),
(1027, 1, 'Infosec ', '', '7025130666', '', '', '', '', 'Kochi', 4, '', '', ''),
(1028, 1, 'IRIS Infotech Solution', '', '9819250527', '', '', '', '', 'Mumbai', 4, '', '', ''),
(1029, 1, 'FRICAP SECURITY PRIVATE LIMITED', '', '', '', '', '', '', 'Shaheen Bagh', 4, '', '', ''),
(1030, 1, 'Firex technologies And Services', '', '9810557503', '', '', '', '', 'Sarita Vihar', 4, '', '', ''),
(1031, 1, 'RHS Solutions', '', '87080 73258', '', '', '', '', 'Majlis Park, Delhi', 4, '', '', ''),
(1032, 1, 'FK INFOTECH', '', '9717317992', '', '', '', '', 'Ashok Nagar, Delhi', 4, '', '', ''),
(1033, 1, 'STAR SPECTRUM SECURITY PVT.LTD.', '', '11-27056966', '', '', '11-27056966', '', 'Near Rithala Metro Station, New Delhi', 4, '', '', ''),
(1034, 1, 'JORDAN SAFETY SYSTEMS', '', '98409 58514', '', '', '', '', 'Kancheepuram, Tamilnadu', 4, '', '', ''),
(1035, 1, 'Esarvi Network India Private Limited', '', '9899123003', '', '', '', '', 'Molarband, Delhi', 4, '', '', ''),
(1036, 1, 'Kalyas Security Solutions Pvt Ltd', '', '7696432124', '', '', 'Er. Mohsin Khan', '', 'Delhi, Lucknow', 4, '', '', ''),
(1037, 1, 'Uniworld Vision Pvt Ltd', '', '9204057804 Jharkhand', '', '', '9204057802, Bihar', '', '', 4, '', '', ''),
(1038, 1, 'Viyu Technologies', '', '', '', '', '7785931010', '', 'Lucknow', 4, '', '', ''),
(1039, 1, 'Apex Infotech', '', 'Lalit-9825031149', '', '', 'Vinod-9825045149', '', 'Surat', 4, '', '', ''),
(1040, 1, 'Network Automation Solutions', '', '', '', '', '9179884060', '', 'Ujjain(MP)', 4, '', '', ''),
(1041, 1, 'Falodi Enterprises', '', '9589210161, 9752800476', '', '', 'Vishal Gupta', '', 'Indore', 4, '', '', ''),
(1042, 1, 'A To Z Security Solution', '', '7987435619, ', '', '', 'Rahul Yadav', '', '', 4, '', '', ''),
(1043, 1, 'Comptel Distributors', '', '7389922298', '', '', '9826022224', '', '', 4, '', '', ''),
(1044, 1, 'Golden Solutions', '', '9617944446', '', '', 'Arjun Parihar 9644552283', '', 'Indore', 4, '', '', ''),
(1045, 1, 'Relyus Softec Solutions', '', '9425425417', '', '', '8878600038', '', 'Indore', 4, '', '', ''),
(1046, 1, 'National CCTV Security Systems', '', '7509177343', '', '', '9713750734', '', 'Bhopal', 4, '', '', ''),
(1047, 1, 'Sai Associates', '', '9755557434', '', '', 'Virendra Pandey', '', 'Bhopal', 4, '', '', ''),
(1048, 1, 'S Boss', '', '8109045400', '', '', '9926414295', '', '', 4, '', '', ''),
(1049, 1, 'Kamal Electronics', '', '9814699091', '', '', '', '', '', 4, '', '', ''),
(1050, 1, 'Hawkeye Security', '', '7006027929', '', '', '9906286559', '', 'Srinagar', 4, '', '', ''),
(1051, 1, 'V Mak Infotech', '', '7018233313', '', '', '', '', '', 4, '', '', ''),
(1052, 1, 'Onetouch Smart Solutions', '', '9569263246', '', '', '9317260008', '', 'Mohali', 4, '', '', ''),
(1053, 1, 'The Dynamic Technologies', '', '9814422284', '', '', '', '', 'Chandigarh', 4, '', '', ''),
(1054, 1, 'Telecom Electronics', '', '9780023087', '', '', 'Arvinder Singh', '', 'Chandigarh', 4, '', '', ''),
(1055, 1, 'Marshal Brothers', '', '8556077777', '', '', '8556066666', '', '', 4, '', '', ''),
(1056, 1, 'Balaji Technocrates', '', '9023816569', '', '', '', '', 'Chandigarh', 4, '', '', ''),
(1057, 1, 'Best Security Solution', '', '9354403734, 9729023737', '', '', 'Yash Jindal', '', '', 4, '', '', ''),
(1058, 1, 'Bright Ways Marketing Company', '', '9988662755', '', '', 'Rohit Katyal', '', 'Chandigarh', 4, '', '', ''),
(1059, 1, 'Ek Omkar Infotech', '', '9216802430', '', '', 'Harpal Singh Chattha', '', 'Chandigarh', 4, '', '', ''),
(1060, 1, 'Rial CCTV Camera', '', '', '', '', '9988126852', '', '', 4, '', '', ''),
(1061, 1, 'Satluj Document Company', '', '', '', '', '9418029306', '', 'Shimla', 4, '', '', ''),
(1062, 1, 'Comfort Sale & Service', '', '7987075055', '', '', '8839256466', '', 'Indore', 4, '', '', ''),
(1063, 1, 'Era Technology', '', '9713037861, 9926276801', '', '', 'Nikesh Khandelwal', '', '', 4, '', '', ''),
(1064, 1, 'PHP Techsmart', '', '8770872165, 9229106660', '', '', 'Anoop Patil', '', 'Indore', 4, '', '', ''),
(1065, 1, 'Swastik Sales', '', '9893060010, 8109095831', '', '', 'Romil Moonat', '', '', 4, '', '', ''),
(1066, 1, 'Retina Sales & Services', '', '9689281111', '', '', 'Pravin Sharma', '', 'Kolhapur, MH', 4, '', '', ''),
(1067, 1, 'Best Telecom', '', '8814008226, 7988883759', '', '', 'Samir Khan', '', 'Kurukshetra, HR', 4, '', '', ''),
(1068, 1, 'Kulwinder Electronics Security System', '', '9416194434', '', '', 'Kulwinder Singh', '', 'Kurukshetra, HR', 4, '', '', ''),
(1069, 1, 'Allied Fire & Safety', '', '9880522839, 9845568595', '', '', '', '', 'Indiranagar, Bangalore', 4, '', '', ''),
(1070, 1, 'Mastek Integrated Systems Pvt Ltd', '', '8042781205', '', '', '', '', 'Indiranagar, Bangalore', 4, '', '', ''),
(1071, 1, 'Arihant Security Solutions', '', '9300086386', '', '', 'Jitendra Jain', '', 'Raipur', 4, '', '', ''),
(1072, 1, 'Spra Enterprises', '', '9650180456', '', '', '', '', 'Muradabad', 4, '', '', ''),
(1073, 1, 'Login Infotech', '', '7459933445', '', '', 'Manish Tiwari', '', 'Kanpur', 4, '', '', ''),
(1074, 1, 'Nakoda Electronics', '', '0821-2525675/ 4262560/ 4252285', '', '', '', '', 'Mysore', 4, '', '', ''),
(1075, 1, 'NEXTGEN INFOSYSTEMS, FARIDABAD', '', '9910888874', '', '', '', '', 'Faridabad', 4, '', '', ''),
(1076, 1, 'Time Trac Solutions LIMITED Meethapur, Jaitpur, Delhi', '', '095603 05605', '', '', '', '', 'Jaitpur Delhi', 4, '', '', ''),
(1077, 1, 'CHANAKYA ELECTRONICS, TRI NAGAR, North West Delhi', '', '098102 62944', '', '', '', '', 'Tri Nagar, Delhi', 4, '', '', ''),
(1078, 1, 'STAR CATALYST HARI NAGAR, MAYA PURI, South West Delhi', '', '098915 54831', '', '', '', '', 'Mayapuri', 4, '', '', ''),
(1079, 1, '3COP SECURITY SOLUTIONS E-210, ASTHA VIHAR, PREM NAGAR-3, DELHI, North West Delhi, Delhi, 110086', '', '095822 33663', '', '', 'Manoj Kumar', '', 'Prem Nagar, Delhi', 4, '', '', ''),
(1080, 1, 'STARMESH TELEMATICS PRIVATE LIMITED, Jaipur', '', '8949380006', '', '', '', '', 'Jaipur', 4, '', '', ''),
(1081, 1, 'SANCHITA ENTERPRISES SUDEEP PANDEY, Jaipur', '', '9214066271', '', '', '', '', 'Jaipur', 4, '', '', ''),
(1082, 1, 'ALL TIME SOLUTIONS, Kolkata, West Bengal', '', '9331018434', '', '', '', '', 'Kolkata', 4, '', '', ''),
(1083, 1, 'ED SYSTEMS KIRAN HOUSE, 1ST FLOOR, JAWAHAR ROAD, OPP ALFRED SCHOOL, Rajkot, Gujarat, 360001', '', '9825288098, 9879608330', '', '', '', '', 'Rajkot', 4, '', '', ''),
(1084, 1, 'LEO TELECOM & CCTV SYS TEMS', '', ' 09869052660', '', '', '', '', '', 4, '', '', ''),
(1085, 1, 'SHREE NITHYA ENTERPRISES, U-102, WARDHA ROAD, SOMALWADA, Nagpur, Maharashtra, 440025', '', '0712 228 6973', '', '', '', '', 'Nagpur', 4, '', '', ''),
(1086, 1, 'G1 Security System and Surveillance Solution, Alwar Rajasthan ', '', '9829777443', '', '', '', '', 'Alwar', 4, '', '', ''),
(1087, 1, 'NS Info Security Solutions', '', '8130992730/37', '', '', '', '', 'Dwarka', 4, '', '', ''),
(1088, 1, 'Valet EZ ', '', '7795180803', '', '', '', '', 'Bangalore', 4, '', '', ''),
(1089, 1, 'Zockethub', '', '8048961978, 8143753269', '', '', '', '', 'Hyderabad', 4, '', '', ''),
(1090, 1, 'Essa Tech Services', '', '9985848771', '', '', '', '', 'Vishakhapatnam', 4, '', '', ''),
(1091, 1, 'AMVEL Automation Pvt. Ltd.', '', '8048966462', '', '', '', '', 'Chennai', 4, '', '', ''),
(1092, 1, 'IOTA India', '', '9111800008', '', '', '', '', 'Indore', 4, '', '', ''),
(1093, 1, 'Metalex Automation', '', '7447000350', '', '', '', '', 'Indore', 4, '', '', ''),
(1094, 1, 'JK Electrocon', '', '8817345776', '', '', 'Joher Ali Nawab', '', 'Indore', 4, '', '', ''),
(1095, 1, 'MAP Enterprises', '', '9685985078', '', '', '', '', 'Gwalior', 4, '', '', ''),
(1096, 1, 'Zensonic Security Systems', '', '9847010719', '', '', 'John Joseph', '', 'Cochin', 4, '', '', ''),
(1097, 1, 'Unique Security Solution', '', '8759060749', '', '', 'Sudip Nandi', '', 'Durgapur', 4, '', '', ''),
(1098, 1, 'CONVERGE TECHNOLOGIES', '', '96767 11133', '', '', 'SRINIVASA RAO', '', 'Plot No 104, S V R Enclave, Brindavan Colony Road Number 2, Richh Look Boutique, Kapra, Hyderabad, M', 4, '', '', ''),
(1099, 1, 'ACTIVE DATA SYSTEMS', '', '98480 35525', '', '', '', '', '223, KALYAN NAGAR, SR NAGAR, Hyderabad, Telangana, 500038', 4, '', '', ''),
(1100, 1, 'SILVER SOLUTION', '', '8296617660', '', '', 'NASIR AHMED', '', '713, NASKARHAT ROAD,NEAR AMRABOTI MORE, KOLKATA, Kolkata, West Bengal, 700039', 4, '', '', ''),
(1101, 1, 'TAWAKKAL DIGITAL LOCKS', '', '9673790334', '', '', '', '', 'BHAVANI PETH, SR NO. 382, OLD MOTOR STAND, BHAVANI PETH, PUNE, Pune, Maharashtra, 411002', 4, '', '', ''),
(1102, 1, 'M/S AR INFOSOLUTION', '', '098991 44066', '', '', '', '', '190, TURAB NAGAR, GHAZIABAD, Ghaziabad, Uttar Pradesh, 201001', 4, '', '', ''),
(1103, 1, 'M/S PERFECT SECURITY SOLUTIONS', '', '095604 06007', '', '', '', '', 'FF 04, SHAMBHUDYAL COMPLEX, GT ROAD, NEAR MMG HOSPITAL, Ghaziabad, Uttar Pradesh, 201001', 4, '', '', ''),
(1104, 1, 'M/S SURAKSHAA ELECTRO CORPORATION', '', '8588891765', '', '', '', '', 'SHOP NO-SRD BF 03, SHIPRA RIVERA GYAN KHAND 3, INDIRAPURAM, Ghaziabad, Uttar Pradesh, 200100', 4, '', '', ''),
(1105, 1, 'M/S T S T TECHNOLOGIES', '', '9313149077 , 7836099111', '', '', '', '', 'FIRST FLOOR, FF-34, ARORA SHOPPERS PARK, SHAKTI KHAND-II, INDRAPURM GHAZIABAD, Ghaziabad, Uttar Prad', 4, '', '', ''),
(1106, 1, 'M/S A.R. ENTERPRISES', '', '9873493980, 9717598355', '', '', '', '', '985, KASBA ROAD, NEAR GURUDWARA ROAD MODINAGAR, Ghaziabad, Uttar Pradesh, 201204', 4, '', '', ''),
(1107, 1, 'MOKHSHA TECHNOLOGIES', '', '9717422909, 7892077655', '', '', '', '', 'FIRST FLOOR, A 101A, RAJHANS PLAZA, AHINSA KHAND-1, INDIRAPURAM, Ghaziabad, Uttar Pradesh, 201014', 4, '', '', ''),
(1108, 1, 'M/S SAI INFO ENTERPRISES', '', '9718229071, 9910840448', '', '', '', '', '1173/SEC-4A, VASUNDHARA, GHAZIABAD, Ghaziabad, Uttar Pradesh, 201001', 4, '', '', ''),
(1109, 1, 'MEGNA SECURITY SYSTEMS PVT. LTD', '', '098106 38094', '', '', '', '', '208-A, RISHABH CORPORATE TOWER, PLOT NO-16, KARKARDOOMA COMMUNITY CENTRE, East Delhi, Delhi, 110092', 4, '', '', ''),
(1110, 1, 'M/S PERFECT SOLUTIONS', '', '9368230511, 9412215155', '', '', '', '', '27A, OLD TEHSIL PARISHAR, NEAR SHIC CHOWK, Muzaffarnagar, Uttar Pradesh, 251001', 4, '', '', ''),
(1111, 1, 'ANSHMI TECHNOLOGY', '', '9643159644 ,8860207600', '', '', '', '', 'B-3, Vardhman Trade Center (DDA Building) 11, Nehru Place, New Delhi', 4, '', '', ''),
(1112, 1, 'NOVUS innovatindg possiblities', 'Block-E, Preet Vihar New Delhi 110092', '7290044421', '', 'sales@novusapl.com', '', 'New delhi', 'DELHI', 1, '', '', ''),
(1113, 1, 'NAKODA TELECOM', '428, NORTH AYAD, UDAIPUR, Udaipur, Rajasthan, 313001', '9828788886, 9828791999', '', '', '', 'Udaipur', 'Rajasthan', 0, '08AJQPB9643P1ZD', '', ''),
(1114, 1, 'CITY INFOTECH DEVICES', '39, 1, Ram Nagar, Tehsil Camp, Near Pahuja Hospital, Panipat, Haryana, 132103', '094165 95000', '', '', 'SUNIL BATRA', 'Panipat', 'Haryana', 0, '06AHWPB4325J1Z7', '', ''),
(1115, 1, 'M V INFOTECH SYSTEMS PVT LTD', '1, Ground Floor, Hari Chamber Complex, Mehrauli Road, Village Sukhrali, Gurugram, Haryana, 122001', '093111 03171', '', '', '', 'Gurugram', ' Haryana', 0, '06AAFCM5617B1ZU', '', ''),
(1116, 1, 'N S INFO SECURITY SOLUTIONS', 'B-3-D, GALI NO. 1, LAXMI NARAYAN MANDIR, BHAJANPURA, DELHI, North East Delhi, Delhi, 110053', '8130992730', '', '', '', 'delhi', 'Delhi', 0, '07AZRPA8146P1ZN', '', ''),
(1117, 1, 'Sky Secure', 'SCO 821, Office No.4,Top Foor,NAC,Manimajra,Chandighar 160101, Land Mark Near FR Lights  Indian Bank', '9569802008', '0172-5002344', 'skysecure@outlook.com', 'Ashok Kumar', '', '', 4, '', '', ''),
(1118, 1, ' KoYoToYo', '2369/5D,Mandir Wali Gali, Shadi Khampur  ( West Patel Nagar)New Delhi-110008', '11 25705382, 25893362, 9810245054', '25893362', 'hemant1968@gmail.com, hemant@koyotoyo.com, www.indiamart.com', 'Hemant Solutions', '', '', 4, '', '', ''),
(1119, 1, ' Mahilaaj Enterprises', 'A/28 Masoodpur, Vasant Kunj, New Delhi-110070, Near CRPF Gate No.3, Jwala Nagar, Rampur (U.P.)-244901, 7,Pvt.Chambers, Behind Court Post Office, Bareilly (U.P.)- 243001', '9818788969', '', 'dwarpaltrainerspvtltd@gmail.com', 'Caranson Messey', '', '', 4, '', '', ''),
(1120, 1, 'Advance Engineering Group', 'WZ -385, Chand Nagar, NEW delhi-110018', '9811659092', '', 'asingh@advengroup.com, www.advengoup.com', 'Amardeep Singh', '', '', 4, '', '', ''),
(1121, 1, 'Akshar Computer', 'Off No.119, Block-II, G.S.C., Sec-29, Noida-201301, Branch Off: I-452, FF, Karampura,New Delhi-15', '9650937533, 9811526068', '120-4317778', 'aksharcomp@gmail.com', 'Ashish Pandey', '', '', 4, '', '', ''),
(1122, 1, 'Aldus Computers', 'Nizamsagar X Road, Kamareddy,Distt.Nizamabad-503 111', '9849287717, 7569123458', '08468-229995', 'syedzakeer51@gmail.com', '', '', '', 4, '', '', ''),
(1123, 1, 'Alert Security System', '273,CUE-I, green Sequre  Market, Opp. Agarsain Bhawan, Hisar-125001 ( Haryana).', '9996618008', '', 'amit14jain@gmail.com, www.alert4security.in', 'Amit Jain', '', '', 4, '', '', ''),
(1124, 1, 'Allmatic Trade Links', 'Lissab Building, Olayil, Kollam Kerala-691 001 India', '9809235929', '', 'info@allmatictradelinks.com, www.allmatictradelinks.com', 'Joshy George', '', '', 4, '', '', ''),
(1125, 1, 'Alpic Infotech', 'KIIT Building, Near Nai Dharamshala,Chawar Gate, HATHRAS-204101', '9897152555, 9997954148', '', 'alpicinfo@yahoo.com', 'Manish Agrawal, Amit Agarwal', '', '', 4, '', '', ''),
(1126, 1, 'Aparna Communication Links', 'Inside Jawahar Gate, Naer Dr.Gurasa, Amravati-444 601 (M.S.)', '9422157466, 9923398205', '0721-2651544', 'aparnacommunication@gmail.com', 'Rajesh Dengra', '', '', 4, '', '', ''),
(1127, 1, 'Asecurix', 'E-37-38,Lane-1,2nd Floor,West Vinod Nagar, New Delhi-110092 ', '9899201678', '011-22478615', 'contact@isecurix.com, isecurix@yahoo.com', 'Manoj Pandey', '', '', 4, '', '', ''),
(1128, 1, 'Avor- Ads Perfect Vision Pvt. Ltd', 'D-76, Ground Floor, Shakarpur,Near Metro Pillar No. 51 Vikas Marg, New delhi-110092', '9810085389', '011-47529258, 43071926, 47529258', 'randhirk79@gmail.com, www.adsperfectvision.com, randhir@adsperfectvision.com', 'Randhir Kumar ', '', '', 4, '', '', ''),
(1129, 1, 'B Safe  Enterprise', 'Naaz Lane  Near Neelam Cinema Karan, Nagar Srinagar Kasmir 190010', '9419004717, 8491940208, 8491888743', '', 'bsafe.ent@gmail.com, www.bsafe.net.in', 'Masood Wafai', '', '', 4, '', '', ''),
(1130, 1, 'Black Kat Surveillance', '107/19, Zakir Nagar,Near New Friends Colony, New Delhi-110025. ( INDIA)', '9990605041, 9871976674', '', 'blackkatsuveillance@in.com, www.blackkatsurveillance.com', 'Aariz Ali', '', '', 4, '', '', ''),
(1131, 1, 'Bombay Cellulars & Security Systems', 'Near Sun Temple, Old Sbji Mandi,Jhalrapatan,Distt.Jhalawar (Raj.)326023', '9001114300, 7742777710', '', 'bombay.cellulars@gmail.com', 'Vijay Soni, Ajay Soni', '', '', 4, '', '', ''),
(1132, 1, 'Braintech Surveillance', 'A-109,110 Subhash Nagar, Shopping Center,Jaipur 302016 (Raj)', '9928000460, 9928116666', '', 'www.braintechsurveillance.com, info@braintechsurveillance.com', 'Rajkumar Varshney', '', '', 4, '', '', ''),
(1133, 1, 'BSS Telewave', '1927,Rani  Bagh, Delhi-110034', '9871897746', '', 'siddarthb@telewavesystems.com', 'Siddarth Bhalla', '', '', 4, '', '', ''),
(1134, 1, 'Capital  Communication & Contractor', 'Off: 160/4, Prempuri, Muzaffarnagar', '8755851282, 8171980927, 7417757590, 8923341256', '', 'capitalccmzn@rediffmail.com, vikas.verma78641@gmail.om', 'Vikas Verma, Amit', '', '', 4, '', '', ''),
(1135, 1, 'Carriages Engineeering', '80,Kewal Kunj Sector-13, Rohini Delhi-110085', '9911574870', '', 'carriages.engineering@yahoo.com', 'Shishir Dubey', '', '', 4, '', '', ''),
(1136, 1, 'CCS ', '70 Tagore Nagar Piplani, Bhopal-462021. India', '9718281128, 9312195288', '755-2805907', 'kamal-08fet@yahoo.co.in, competitive-ccs@yahoo.co.in, www.competitiveteleservices.com', 'Kamal Verma', '', '', 4, '', '', ''),
(1137, 1, 'City Eletronics', '96, Vaiyapuri Nagar 2nd Cross.KARPUR-639 002.Tamilnadu. India.', '9443169098', '4324-237122', 'citymgsank@gmail.com, www.cityelectronics.in', 'Murugesan K', '', '', 4, '', '', ''),
(1138, 1, 'Crazy Computers ', 'Surti Hatta Road Deoria ( U.P.) Net Off: Lucknow, Gorakhnath, kushinagar,Mau, Ballia', '9336872911, 9936872911', '', 'www.crazyonline.in, info@crazyonline.in', 'Atul Baranwal', '', '', 4, '', '', ''),
(1139, 1, 'CS  (compu shopee)', 'G-1, Ganpati Complex, Near Vishal Mega Mart Pur Road,Bhilwara-311 001 (Raj)', '9413120888', '1482-248000, 248401', 'compushopee@gmail.com', 'Mukesh Joshi', '', '', 4, '', '', ''),
(1140, 1, 'Cybergate Systems', 'E-152 A,  Dilshad Garden, Delhi-110095 ', '9818239663', '22591832, 22118216', 'cybersysin@yahoo.com', 'Sumeet Gupta', '', '', 4, '', '', ''),
(1141, 1, 'Dynapro Fire Protection Systems Pvt. Ltd.', 'Delhi Off:G-87/A, Kalkaji - New Delhi-110019; Branch Off: 201, Ambica Vihar, Paschim Vihar, New Delhi-110087', '9810119147, 9310119147', '011-25277500', 'ashish.dynapro@gmail.com', 'Ashish Talwar', '', '', 4, '', '', ''),
(1142, 1, 'Electro-comp Total Services', '12/102,EastEnd Appts., Mayur Vihar Ph-1 Ext.,New Delhi-110096', '9810952116, 9650755171, 9810195265', '011 22742258', 'skssinghal@ests.co.in, skssinghal@hotmail.com', 'Sanjay Singhal,Shalu Singhal', '', '', 4, '', '', ''),
(1143, 1, 'Eye Vision India', 'B-20&22, Ocean Comlex, Sector 18, Noida, Opp. GIP Mall ', '8586008044, 9716515105, 9643552975', '', 'eyevisionindia@mail.com, eyevisionnoida@gmail.com, www.eyevisionindia.com', 'Pankaj Chauhan, Ramesh Joshi', '', '', 4, '', '', ''),
(1144, 1, 'Fortune Interiors', 'Near Vishal Mega Mart, Ferozepur Road,Ludhiyana-141 001.', '9781223300, 8872404040', '', 'fortuneinteriors4040@gmail.com, www.fortuneinterior.com', 'Nagesh Verma', '', '', 4, '', '', ''),
(1145, 1, 'Futura', 'Off:2/108, Vaibhav Nagar Agra (U.P.) 282 001 workshop :Buildings of hemsons Gift Palace Opp Raj Foundation School, Near Shaheed Nagar,Police Chowki, Rajpur, AGRA(U.P.)282 001', '9412155201, 9719418114', '', 'imcsraju@gmail.com', 'Raju Agarwal', '', '', 4, '', '', ''),
(1146, 1, 'Global Vision', '5/3034b, Jyothi  Building,Jafarkhan colony, Mavoor Road, Eranjipalam P.O.,Calicut-6, Kerala-India ', '9961350949', '495-2770425', 'gvisionindia@.com', 'Naseer.KK.', '', '', 4, '', '', ''),
(1147, 1, 'Go 4 Sight', 'Corp. Off:B-53, Sector-65, Noida-201301 ( U.P), Reg. Off: 102, Krishna Complex, 52A, Hasanpur, I.P. Extn., Delhi-110092', '8527894891', '120-4558709', 'vivek@go4sight.co.in, www.go4sight.co.in', 'Vivek Chaubey', '', '', 4, '', '', ''),
(1148, 1, 'Haitanya', 'Office: F-67, 1st Floor,Garud Cimplex,Above Nokia Priority, Sakri Road, Dhuile-424 001', '8888880667', '02562 -229077', 'chaitanyatelecom@rediffmail.com', 'Devendra katyara', '', '', 4, '', '', ''),
(1149, 1, 'Hazra security Solution', 'Room No. 181,5th floor, Karnani Estate,209, A.J.C.Bose Road, Kolkata700017, India', '8420005109, 9830325351', '33 40468215, 40468219, 33 40468220', 'hazrasecuritysolution@gmail.com, hazra_company@vsnl.net, www.hazraelectricals.com', 'Tridip Chatterjee', '', '', 4, '', '', ''),
(1150, 1, 'Hi-Tech ', '39,Shree Nagar- 1,  Manewada Road, Nagpur', '9422125792, 9370439312', '0712-6532963', 'hitechcctv2gmail.com', 'Manoj Injewar', '', '', 4, '', '', ''),
(1151, 1, 'Hunny Digital Solution', '46/1B, St. No.15,East Azad Nagar, Krishna Nagar, Delhi-51', '8377956001, 9650876543', '', '', 'Hunny Jain', '', '', 4, '', '', ''),
(1152, 1, 'India Tech Security Solution', 'A-20, Jai Bharat Enclave, Rajender Nagar Indl. Area,Sahibabad, Gaziabad ', '9971878824, 9818771589', '', 'mukeshkumar05452gmail.com', 'Mukesh Kumar, Manoj Singh', '', '', 4, '', '', ''),
(1153, 1, 'i-Tech Computers', 'H.Off:K-259-60, Sector A  Schame No.71, Indore (M.P.); B.Off:M.G. Road, Maheshwar-451224 (M.P)', '9826454984, 9425088433', '', 'nitin27.tech@gmail.com', 'Nitin Manore', '', '', 4, '', '', ''),
(1154, 1, 'Jay I.T. &security Solution', 'Head Office:F/14,Vasudev Complex,Gopnath Road,  Near Rest House,TALAJA-364140,Dist. Bhavnagar, Gujarat.Branch Office:F/11,Muncipal complex, Gandhi Baugh Road,MAHUVA-364290, Dist.Bhavrnagar, Gujarat.', '9974660575', '', 'talaja.jayit@gmail.com', 'Pravinbhai', '', '', 4, '', '', ''),
(1155, 1, 'JBN Corporation', '23/1,M.B. Road, Khanpur,Nr.PNB, NEW DELHI-110062', '9999884934, 9310006765', '', 'jbn.corp@gmail.com', 'Mukesh Kumar', '', '', 4, '', '', ''),
(1156, 1, 'JK Electronics', 'B/2, District Shopping, Sector-21,Gandhinagar-382021', '9429880616, 9824249517', '', 'jkelectonics@ymail.com', 'Vijay Joshi', '', '', 4, '', '', ''),
(1157, 1, 'Kartik security', 'S.C.F.98,2nd Floor, Phase-XI, Moali(Pb.)160062', '9417398258', '0172-4665521', 'contactkartik@yahoo.com', 'Gurdeep Singh Ahluwalia', '', '', 4, '', '', ''),
(1158, 1, 'Katapult Security Systems', '138/3, First Foor, Shivalik Road, Malviya  Nagar,New Delhi-110017', '9650717718', '011-46548673', 'info@katsecurity.com, www.katsecurity.com', 'Kamlesh Joshi', '', '', 4, '', '', ''),
(1159, 1, 'Laxmi Enterprises', 'A-1 Batheda Colony, Fatehpura, Udaipur (Rajasthan)  313001', '9414161245', '0294 2417099', 'jaswant77@gmail.com', 'Jaswant Jain', '', '', 4, '', '', ''),
(1160, 1, 'Marshall', '1-J, SARABHA NAGAR, Ludhiyana', '9814109946', '4611244', 'www.marshallautomation.com, nsb@marshallautomation.com', 'Navneet S. Bajaj', '', '', 4, '', '', ''),
(1161, 1, 'Modern Electronics', 'NEAR QUALITY CHOWK,Shimla puri, Ludhiyana', '9872851499, 9781198200, 8437378853', '', '', '', '', '', 4, '', '', ''),
(1162, 1, 'Natinfo Systems', '206,Mukangarh House Near City Centre,S.C. Road Jaipur-302  001(Raj.) INDIA', '', '141-2215647, 141-5107015, 4005474', 'info@netinfosystems.info, www.netinfosystems.info', '', '', '', 4, '', '', ''),
(1163, 1, 'Navaradhi Technologies', 'Corporate Office:# 47-11-8, Flate No.2E,2nd Floor, Kuppili Apartmentas, 1st Lane, Dwarakanagar,Visakhapatnam-530  016.  Branch Office: #85-7-9/1, 1st Floor, Opp. Tenukulavari Cheruvu, V.L. Puram, Rajahmundry-533 103.', '9246634589, 9885223770', '891 2718034, 6666637', 'info@navaradhi.com, navaradhi@gmail.com, chaitanya@navaradhi.com', 'S.N.Chaitanaya', '', 'Vishakhapatnam', 4, '', '', ''),
(1164, 1, 'Neha Automation', 'C 246, Ground Floor, Hari Nagar Clock Tower,New Delhi-110064', '9810153980, 9810453980, 9810453980, 8510023980, 8510043980. 5810063980', '011-25133805', 'neha-automation@yahoo.com,info@nehaautomation.com, www.nehaautomation.com, www.indiamart.com/neha-automation', 'Rajnath Singh', '', '', 4, '', '', ''),
(1165, 1, 'Nextgen Solution', 'M-19, Naveen Shahdara, Delhi-110032', '9810234106, 9212383103', '', 'cctvcamera002@gmail.com', 'Nitin Khanna', '', '', 4, '', '', ''),
(1166, 1, 'N-Tech Vision', 'Surya Enterprises Near Bus Stand, BARARA (Ambala)', '9416494218, 9034610088', '01731-286772', 'ntechvision@gmail.com', 'Satish Rana', '', '', 4, '', '', ''),
(1167, 1, 'Opti Vision', 'Add: 571,Street No. 6, Chanderlok,Shahdara, Delhi-110093', '9873673070, 9718930609', '11-22596559, 64643235', 'optivisioncatv@yahoo.com, www.optivision.co.in', 'Amal Single', '', '', 4, '', '', ''),
(1168, 1, 'Param Solution', 'LIG E-18, Behind bank of baroda, Shailendra Nagar Raipur (C.G)', '9669002600, 7587130287', '', 'param.solutions365@gmail.com, www.param365.com', 'Jacky Sancheti', '', '', 4, '', '', ''),
(1169, 1, 'Paramount', '28-21-1/F5, Classic Complex,1st Floor,Prakasaraopeta Dabagardens, Visakhapa, tnam-503  020,A.P.,India', '9885190884', '891 2705220,6665220', 'info@paramountindia.co.in, www.paramountindia.co.in', 'K.Sridhar', '', '', 4, '', '', ''),
(1170, 1, 'Plus Auto', '7,Nehru Market, Opp.Nehru Stadium, Near BJP Karyalay A.B. Road ,Indore', '9826013262', '2700100, 6464647', 'info@plusautogas.com, plusautolpg@yahoo.co.in', 'Vishal Jain', '', '', 4, '', '', ''),
(1171, 1, 'Precision ', '308-309, Deep Shikha Building 43, Veer Savarkar Block, Shakarpur, Delhi-110092, (India)', '9311137901, 9555037901', '11-42445408', 'precision.safety@yahoo.com, www.precisionsafety.org, www.indiamart.com/precisionsafetyequipment', 'Ajay b. Dutta', '', '', 4, '', '', ''),
(1172, 1, 'Priyam Enterprise', 'Corp. Off: 162/15, S. N. Roy Road, Kolkata-700 038, Regd. Off:College Road, Bishnupur, Bankura, 722122', '9674900169, 9831114851', '', 'priyamenterprise2012@gmail.com', 'Avishek Gosh ', '', '', 4, '', '', ''),
(1173, 1, 'R.P. Sales ( INDIA)', 'BES-11, BE-block, Hari Nagar, New Delhi-110064', '9899857472', '011-64555552, 011-64555553', 'rpsalesindia2000@gmail.com', 'Jasbir Singh', '', '', 4, '', '', ''),
(1174, 1, 'Radex Telesystems PVT. LTD.', '203,Akiriti Apartment, 552/7,Udai Marg,Raja Park, JAIPUR-302  004(RAJASTHAN), INDIA', '9414047666', '141  2620666, 141  2623666', 'radex95india@gmail.com', 'Anish p. Kumar', '', '', 4, '', '', ''),
(1175, 1, 'S.K. Goswami Security System', 'L-108/35, Gali No. 42B, Sadatpur Ext., Delhi-110094', '9899422143, 9720579090, 8447841428', '', 'goswamirohit31867@gmail.com', 'S.K. Goswami, Rohit Goswami', '', '', 4, '', '', ''),
(1176, 1, 'Sanaku Electronics', 'shop no: 2, Rajtarang Appartment, Talav Gate, Street No-3, Junagadh-362 001', '9824363780', '0285-2655211', 'sanakuindia@gmail.com', 'Kaushik Nathvani', '', '', 4, '', '', ''),
(1177, 1, 'Secure Planet', '931/28,Gali No.10, New Jyoti Park, Gurgaon, 122001 (Haryana)', '9212136687', '', 'secureplanet.ggn@gmail.com', 'Sachin Kapoor', '', '', 4, '', '', ''),
(1178, 1, 'Sensecure', 'Chaudhary Market, Opp.Ram Vihar,Village Nithari Sector-31, Noida, G.B. Nagar (U.P.)201301 india', '9811469800', '', 'sensecure_pltd@rediffmail.com, sensecure@gmail.com', 'Sanjeev Chaudhary', '', '', 4, '', '', ''),
(1179, 1, 'Sharp Tech System', 'T-1/18,DDA Market, Mangol puri, Delhi-83', '9711070791', '011-27910109', 'sales@sharptechsystem.co.in, www.sharptechsystem.co.in', 'Saurabh Saxena', '', '', 4, '', '', ''),
(1180, 1, 'Shree  Vats Security Systems', 'B-112, Secteor-22, Noida-201 301 (U.P)', '9717694620', '0120-2533546', 'shreevatssecurity@hotmail.com', 'Nand Kishore ', '', '', 4, '', '', ''),
(1181, 1, 'SJSS -Sukh Jaap Security Solution', 'B-601, DDA Colony, Chaukhandi, New Delhi-110018', '9811759002, 9891461030', '', 'sjss.dli@gmail.com', 'Paramjeet Singh', '', '', 4, '', '', ''),
(1182, 1, 'SMS -system marketing & services', 'B-54, Masoodpur Viilage, Vasant Kunj, New Delhi-110070', '9312327456, 9910655486', '011-32637752', 'systemmrktng@gmail.com, info@southdelhicctv.in, www.southdelhicctv.in', 'R.P. Sharma', '', '', 4, '', '', ''),
(1183, 1, 'Snowcool Refrigeration', 'Shop No.4/32,Sati Geeta Mandir Market, Model Town, KARNAL-132001', '9416111188, 9215211187', '', '', 'Anand Mohan', '', '', 4, '', '', ''),
(1184, 1, 'Spaceline Infotech', '558 Turab Nagar, Ghaziabad.', '9958403012, 9305231260, 9336020591', '', 'spacelinesecurity@hotmail.com, www.spacelineinfotech.webs.com', 'Harsh Baweja', '', '', 4, '', '', ''),
(1185, 1, 'Spy System', 'Gangania Complex, Opp. Metro Pillar No. 61, GF Sikanderpur GGN-122001', '9899644608', '', 'systems.spy@gmail.com, info@spysystems.in, www.spysystems.in', 'Shekhar Sharma ', '', '', 4, '', '', ''),
(1186, 1, 'Spytech Systems', '154A, Mani Ram  Mandir Road, Bhola Nath, Nagar,Shahara, Delhi-32', '9911051313, 9718185454', '', 'www.spytechsystems.co.in, spytechdelhi@gmail.com', 'Harish Kumar', '', '', 4, '', '', ''),
(1187, 1, 'Star Instumentation', 'A-20 Ganpati Plaza,Bagh Bhiwadi  ( Raj)', '9414012541', '01493-223405', 'starindia.gupta71@gmail.com', 'Anil Gupta', '', '', 4, '', '', ''),
(1188, 1, 'Straightway Tech. Solutions', 'G-15,Ashoka Plaza,Behind I.C.I.C.I. Bank, Rohtak', '9728009963, 9812347707', '', 'rakesh.suneja777@gmail.com', 'Rakesh Suneja', '', '', 4, '', '', ''),
(1189, 1, 'Super Security Services (P) Ltd.', 'Head Off: x-1569, Dhanjal Niwas, Main Road Rajgarh Delhi-110031, Branch at:Connaught Place, Karol Bagh, Noida (U.P)', '9810257700', '011-22547142, 22058700, 22057800, 011-23364900, 28751700', 'spvt123@gmail.com, ms@securitynetindia.com', 'Manvir Singh', '', '', 4, '', '', ''),
(1190, 1, 'Swastic Communication', '8-3-949/1/1,Nagarjuna Nagar,Ameerpet,Hyderabad-500075', '9849191338', '040-23730918, 23740918', 'www.swastikcommunications.com, swastikpbx@yahoo.com, ali@swastikcommuncations.com', 'Shaik Hasan Ali', '', '', 4, '', '', ''),
(1191, 1, 'Synergy Solutiions', 'D-47/A, Tilak Vihar, Tilak Nagar, New Delhi-110018', '9891468790, 9891304790', '011-30609668', 'synergysolutionindia@gmail.com, www.synergysolution.in', 'Satish ', '', '', 4, '', '', ''),
(1192, 1, 'TechRockerz  Solution', 'Head Office:E-176, Sector-63, NOIDA-201301. U.P., India', '9958868775', '', 'amit@technokerz.co.in, www.technokerz.co.in', 'Amit Tamta', '', '', 4, '', '', ''),
(1193, 1, 'TechRockerz  Solutions', 'E-176, Sector-63, NOIDA-201301,  U.P., India.', '9990108803', '', 'vsbisht@techrockerz.co.in, www.techrockerz.co.in', 'Virendra Singh Bisht', '', '', 4, '', '', ''),
(1194, 1, 'Teknikon Systems', 'Office: C-2/201 3rd Floor, Vaibhav Palace, Indra Nagar,Vasant Vihar, Dehradun 248006', '9997085999, 8755902101', '', 'info@teknikonsystem.com, www.teknikonsystem.com', 'Mahendra Arora', '', 'Dehradun', 4, '', '', ''),
(1195, 1, 'The Milleniumn Systems', 'Shop No.8, Bhagwati Complex, Opp.Shah Talkies,M.G.Road, Agra-282002', '8938073242, 9358500385, 9368911108', '562-4003085', 'mcsamit@hotmail.com', 'Amit Agarwal', '', '', 4, '', '', '');
INSERT INTO `client` (`Client_Id`, `Active`, `Name`, `Address`, `Mobile`, `Landline`, `Email`, `Contact_Person`, `City`, `State`, `Category`, `GST`, `Last_Active_Date`, `Last_Deactive_Date`) VALUES
(1196, 1, 'Truepower', 'BG-135 Sanjay Gandhi Transport Nagar,Delhi-110042', '9911217156, 7859909001', '011-27833603, 27833604, 27833606', 'pawan.mishra@truepower.in, www.truepower.in, info@truepower.in', 'Pawan Kumar Mishra', '', '', 4, '', '', ''),
(1197, 1, 'Tullu Green', 'C 26/34-B-D, Shree Dham Complex, Ramkatora Road,Varanasi- 221001, U.P. (India)', '9936490091', '542 2201191, 542 2634026, 0214-4010311', 'www.tullusales.com, mks@tullusales.com', 'Manan Kumar Sah', '', '', 4, '', '', ''),
(1198, 1, 'Ultimate Solution ', 'Railway Road, Lajpat Rai School Street, Prem Garh, Hashirpur.', '9872134797, 9463158581', '01882-226205', '', 'Anoop Saini', '', '', 4, '', '', ''),
(1199, 1, 'Ved Mohan', '369,1st Floor, Dr. Mukherjee Nagar, Delhi-110009', '9779451552, 9654970472, 9888086552', '', 'anubhavkundra90@gmail.com', 'Anubhav Kundra', '', '', 4, '', '', ''),
(1200, 1, 'VID -Tech Systems', 'Laxmi Plaza, Modi No.3, Sitabuldi, Nagpur-440 012,M.S.,India.', '9373456746', '0712-2522556, 3276655', 'halder@vidtechsystems.com, vidtechsystems@gmail.com, www.vidtechsystems.com', 'S.T.Halder', '', '', 4, '', '', ''),
(1201, 1, 'Vision Care', '369-R,Model Town, Behind Lal Tanki, Market,PANIPAT-132103 (Haryana)', '9991037037, 9991360737', '', 'visioncare0001@gmail.com', 'Parminder Singh, Manpreet Singh', '', '', 4, '', '', ''),
(1202, 1, 'Winmax', '110,Royal Plaza, 1st Floor, Opp.Akhand Anand College, Ved Road, Surat-395 004.', '9879487521, 9824415156', '', 'shubhamcomputer65@gmail.com, info@winmexsecurity.com, www.winmexsecurity.com', 'Zakhaniya Haresh, Zakhaniya Dinesh', '', '', 4, '', '', '');

-- --------------------------------------------------------

--
-- Table structure for table `clientcategory`
--

CREATE TABLE `clientcategory` (
  `Category_Id` int(11) NOT NULL,
  `Category_Name` varchar(100) NOT NULL DEFAULT ''
) ENGINE=InnoDB DEFAULT CHARSET=utf8mb4 COLLATE=utf8mb4_general_ci;

--
-- Dumping data for table `clientcategory`
--

INSERT INTO `clientcategory` (`Category_Id`, `Category_Name`) VALUES
(1, 'best'),
(2, 'better'),
(3, 'good'),
(4, 'okay');

-- --------------------------------------------------------

--
-- Table structure for table `updateclient`
--

CREATE TABLE `updateclient` (
  `Client_Id` int(11) NOT NULL,
  `Name` varchar(200) NOT NULL DEFAULT ''
) ENGINE=InnoDB DEFAULT CHARSET=utf8mb4 COLLATE=utf8mb4_general_ci;

--
-- Dumping data for table `updateclient`
--

INSERT INTO `updateclient` (`Client_Id`, `Name`) VALUES
(1108, 'M/S SAI INFO ENTERPRISES');

-- --------------------------------------------------------

--
-- Table structure for table `usercategory`
--

CREATE TABLE `usercategory` (
  `Cid` int(11) NOT NULL,
  `CName` varchar(100) NOT NULL DEFAULT ''
) ENGINE=InnoDB DEFAULT CHARSET=utf8mb4 COLLATE=utf8mb4_general_ci;

--
-- Dumping data for table `usercategory`
--

INSERT INTO `usercategory` (`Cid`, `CName`) VALUES
(1, 'admin'),
(2, 'user');

-- --------------------------------------------------------

--
-- Table structure for table `users`
--

CREATE TABLE `users` (
  `User_Id` int(11) NOT NULL,
  `active` int(11) NOT NULL DEFAULT 1,
  `name` varchar(100) NOT NULL DEFAULT '',
  `username` varchar(10) NOT NULL DEFAULT '',
  `password` varchar(10) NOT NULL DEFAULT '',
  `category` int(11) NOT NULL
) ENGINE=InnoDB DEFAULT CHARSET=utf8mb4 COLLATE=utf8mb4_general_ci;

--
-- Dumping data for table `users`
--

INSERT INTO `users` (`User_Id`, `active`, `name`, `username`, `password`, `category`) VALUES
(1, 1, 'Admin', 'admin', 'admin', 1),
(2, 1, 'Pramod', 'pramod52', 'pramod52', 2),
(3, 1, 'user', 'user@jpr', 'user', 2);

--
-- Indexes for dumped tables
--

--
-- Indexes for table `calldetails`
--
ALTER TABLE `calldetails`
  ADD PRIMARY KEY (`Call_Id`);

--
-- Indexes for table `client`
--
ALTER TABLE `client`
  ADD PRIMARY KEY (`Client_Id`),
  ADD UNIQUE KEY `Name` (`Name`);

--
-- Indexes for table `clientcategory`
--
ALTER TABLE `clientcategory`
  ADD PRIMARY KEY (`Category_Id`);

--
-- Indexes for table `usercategory`
--
ALTER TABLE `usercategory`
  ADD PRIMARY KEY (`Cid`);

--
-- Indexes for table `users`
--
ALTER TABLE `users`
  ADD PRIMARY KEY (`User_Id`),
  ADD UNIQUE KEY `username` (`username`);

--
-- AUTO_INCREMENT for dumped tables
--

--
-- AUTO_INCREMENT for table `calldetails`
--
ALTER TABLE `calldetails`
  MODIFY `Call_Id` int(11) NOT NULL AUTO_INCREMENT, AUTO_INCREMENT=57;

--
-- AUTO_INCREMENT for table `client`
--
ALTER TABLE `client`
  MODIFY `Client_Id` int(11) NOT NULL AUTO_INCREMENT, AUTO_INCREMENT=1203;

--
-- AUTO_INCREMENT for table `clientcategory`
--
ALTER TABLE `clientcategory`
  MODIFY `Category_Id` int(11) NOT NULL AUTO_INCREMENT, AUTO_INCREMENT=5;

--
-- AUTO_INCREMENT for table `usercategory`
--
ALTER TABLE `usercategory`
  MODIFY `Cid` int(11) NOT NULL AUTO_INCREMENT, AUTO_INCREMENT=3;

--
-- AUTO_INCREMENT for table `users`
--
ALTER TABLE `users`
  MODIFY `User_Id` int(11) NOT NULL AUTO_INCREMENT, AUTO_INCREMENT=7;
COMMIT;

/*!40101 SET CHARACTER_SET_CLIENT=@OLD_CHARACTER_SET_CLIENT */;
/*!40101 SET CHARACTER_SET_RESULTS=@OLD_CHARACTER_SET_RESULTS */;
/*!40101 SET COLLATION_CONNECTION=@OLD_COLLATION_CONNECTION */;
